filepath,pixel_sum,pixel_mean,filename,date_str,datetime,scale,gage
11266500/epsg_4326__463_31__MODIS_006_MOD16A2__ET__2010_01_01.tif,246791.0,63.803257,epsg_4326__463_31__MODIS_006_MOD16A2__ET__2010_01_01.tif,2010_01_01,2010-01-01,463.31,11266500
11266500/epsg_4326__463_31__MODIS_006_MOD16A2__ET__2010_01_09.tif,180925.0,73.81681,epsg_4326__463_31__MODIS_006_MOD16A2__ET__2010_01_09.tif,2010_01_09,2010-01-09,463.31,11266500
11266500/epsg_4326__463_31__MODIS_006_MOD16A2__ET__2010_01_17.tif,0.0,,epsg_4326__463_31__MODIS_006_MOD16A2__ET__2010_01_17.tif,2010_01_17,2010-01-17,463.31,11266500
11266500/epsg_4326__463_31__MODIS_006_MOD16A2__ET__2010_01_25.tif,168091.0,78.036674,epsg_4326__463_31__MODIS_006_MOD16A2__ET__2010_01_25.tif,2010_01_25,2010-01-25,463.31,11266500
11266500/epsg_4326__463_31__MODIS_006_MOD16A2__ET__2010_02_02.tif,53419.0,73.78315,epsg_4326__463_31__MODIS_006_MOD16A2__ET__2010_02_02.tif,2010_02_02,2010-02-02,463.31,11266500
11266500/epsg_4326__463_31__MODIS_006_MOD16A2__ET__2010_02_10.tif,172067.0,89.66493,epsg_4326__463_31__MODIS_006_MOD16A2__ET__2010_02_10.tif,2010_02_10,2010-02-10,463.31,11266500
11266500/epsg_4326__463_31__MODIS_006_MOD16A2__ET__2010_02_18.tif,161359.0,80.039185,epsg_4326__463_31__MODIS_006_MOD16A2__ET__2010_02_18.tif,2010_02_18,2010-02-18,463.31,11266500
11266500/epsg_4326__463_31__MODIS_006_MOD16A2__ET__2010_02_26.tif,22559.0,101.16144,epsg_4326__463_31__MODIS_006_MOD16A2__ET__2010_02_26.tif,2010_02_26,2010-02-26,463.31,11266500
11266500/epsg_4326__463_31__MODIS_006_MOD16A2__ET__2010_03_06.tif,139705.0,112.483894,epsg_4326__463_31__MODIS_006_MOD16A2__ET__2010_03_06.tif,2010_03_06,2010-03-06,463.31,11266500
11266500/epsg_4326__463_31__MODIS_006_MOD16A2__ET__2010_03_14.tif,139098.0,84.40413,epsg_4326__463_31__MODIS_006_MOD16A2__ET__2010_03_14.tif,2010_03_14,2010-03-14,463.31,11266500
11266500/epsg_4326__463_31__MODIS_006_MOD16A2__ET__2010_03_22.tif,234972.0,110.57506,epsg_4326__463_31__MODIS_006_MOD16A2__ET__2010_03_22.tif,2010_03_22,2010-03-22,463.31,11266500
11266500/epsg_4326__463_31__MODIS_006_MOD16A2__ET__2010_03_30.tif,26394.0,133.97969,epsg_4326__463_31__MODIS_006_MOD16A2__ET__2010_03_30.tif,2010_03_30,2010-03-30,463.31,11266500
11266500/epsg_4326__463_31__MODIS_006_MOD16A2__ET__2010_04_07.tif,104038.0,142.32285,epsg_4326__463_31__MODIS_006_MOD16A2__ET__2010_04_07.tif,2010_04_07,2010-04-07,463.31,11266500
11266500/epsg_4326__463_31__MODIS_006_MOD16A2__ET__2010_04_15.tif,71354.0,129.2645,epsg_4326__463_31__MODIS_006_MOD16A2__ET__2010_04_15.tif,2010_04_15,2010-04-15,463.31,11266500
11266500/epsg_4326__463_31__MODIS_006_MOD16A2__ET__2010_04_23.tif,247364.0,150.73979,epsg_4326__463_31__MODIS_006_MOD16A2__ET__2010_04_23.tif,2010_04_23,2010-04-23,463.31,11266500
11266500/epsg_4326__463_31__MODIS_006_MOD16A2__ET__2010_05_01.tif,265612.0,138.91841,epsg_4326__463_31__MODIS_006_MOD16A2__ET__2010_05_01.tif,2010_05_01,2010-05-01,463.31,11266500
11266500/epsg_4326__463_31__MODIS_006_MOD16A2__ET__2010_05_09.tif,256023.0,145.96523,epsg_4326__463_31__MODIS_006_MOD16A2__ET__2010_05_09.tif,2010_05_09,2010-05-09,463.31,11266500
11266500/epsg_4326__463_31__MODIS_006_MOD16A2__ET__2010_05_17.tif,73463.0,143.20273,epsg_4326__463_31__MODIS_006_MOD16A2__ET__2010_05_17.tif,2010_05_17,2010-05-17,463.31,11266500
11266500/epsg_4326__463_31__MODIS_006_MOD16A2__ET__2010_05_25.tif,334633.0,146.70451,epsg_4326__463_31__MODIS_006_MOD16A2__ET__2010_05_25.tif,2010_05_25,2010-05-25,463.31,11266500
11266500/epsg_4326__463_31__MODIS_006_MOD16A2__ET__2010_06_02.tif,732853.0,186.42915,epsg_4326__463_31__MODIS_006_MOD16A2__ET__2010_06_02.tif,2010_06_02,2010-06-02,463.31,11266500
11266500/epsg_4326__463_31__MODIS_006_MOD16A2__ET__2010_06_10.tif,476952.0,88.75177,epsg_4326__463_31__MODIS_006_MOD16A2__ET__2010_06_10.tif,2010_06_10,2010-06-10,463.31,11266500
11266500/epsg_4326__463_31__MODIS_006_MOD16A2__ET__2010_06_18.tif,587144.0,90.45509,epsg_4326__463_31__MODIS_006_MOD16A2__ET__2010_06_18.tif,2010_06_18,2010-06-18,463.31,11266500
11266500/epsg_4326__463_31__MODIS_006_MOD16A2__ET__2010_06_26.tif,632930.0,79.52381,epsg_4326__463_31__MODIS_006_MOD16A2__ET__2010_06_26.tif,2010_06_26,2010-06-26,463.31,11266500
11266500/epsg_4326__463_31__MODIS_006_MOD16A2__ET__2010_07_04.tif,596302.0,77.00181,epsg_4326__463_31__MODIS_006_MOD16A2__ET__2010_07_04.tif,2010_07_04,2010-07-04,463.31,11266500
11266500/epsg_4326__463_31__MODIS_006_MOD16A2__ET__2010_07_12.tif,632870.0,79.158226,epsg_4326__463_31__MODIS_006_MOD16A2__ET__2010_07_12.tif,2010_07_12,2010-07-12,463.31,11266500
11266500/epsg_4326__463_31__MODIS_006_MOD16A2__ET__2010_07_20.tif,622766.0,76.29131,epsg_4326__463_31__MODIS_006_MOD16A2__ET__2010_07_20.tif,2010_07_20,2010-07-20,463.31,11266500
11266500/epsg_4326__463_31__MODIS_006_MOD16A2__ET__2010_07_28.tif,613738.0,74.78226,epsg_4326__463_31__MODIS_006_MOD16A2__ET__2010_07_28.tif,2010_07_28,2010-07-28,463.31,11266500
11266500/epsg_4326__463_31__MODIS_006_MOD16A2__ET__2010_08_05.tif,628881.0,76.40396,epsg_4326__463_31__MODIS_006_MOD16A2__ET__2010_08_05.tif,2010_08_05,2010-08-05,463.31,11266500
11266500/epsg_4326__463_31__MODIS_006_MOD16A2__ET__2010_08_13.tif,574237.0,69.59605,epsg_4326__463_31__MODIS_006_MOD16A2__ET__2010_08_13.tif,2010_08_13,2010-08-13,463.31,11266500
11266500/epsg_4326__463_31__MODIS_006_MOD16A2__ET__2010_08_21.tif,471083.0,57.295425,epsg_4326__463_31__MODIS_006_MOD16A2__ET__2010_08_21.tif,2010_08_21,2010-08-21,463.31,11266500
11266500/epsg_4326__463_31__MODIS_006_MOD16A2__ET__2010_08_29.tif,594872.0,72.228264,epsg_4326__463_31__MODIS_006_MOD16A2__ET__2010_08_29.tif,2010_08_29,2010-08-29,463.31,11266500
11266500/epsg_4326__463_31__MODIS_006_MOD16A2__ET__2010_09_06.tif,568180.0,68.77027,epsg_4326__463_31__MODIS_006_MOD16A2__ET__2010_09_06.tif,2010_09_06,2010-09-06,463.31,11266500
11266500/epsg_4326__463_31__MODIS_006_MOD16A2__ET__2010_09_14.tif,462401.0,55.919823,epsg_4326__463_31__MODIS_006_MOD16A2__ET__2010_09_14.tif,2010_09_14,2010-09-14,463.31,11266500
11266500/epsg_4326__463_31__MODIS_006_MOD16A2__ET__2010_09_22.tif,331164.0,40.62365,epsg_4326__463_31__MODIS_006_MOD16A2__ET__2010_09_22.tif,2010_09_22,2010-09-22,463.31,11266500
11266500/epsg_4326__463_31__MODIS_006_MOD16A2__ET__2010_09_30.tif,412462.0,89.43235,epsg_4326__463_31__MODIS_006_MOD16A2__ET__2010_09_30.tif,2010_09_30,2010-09-30,463.31,11266500
11266500/epsg_4326__463_31__MODIS_006_MOD16A2__ET__2010_10_08.tif,442220.0,56.10505,epsg_4326__463_31__MODIS_006_MOD16A2__ET__2010_10_08.tif,2010_10_08,2010-10-08,463.31,11266500
11266500/epsg_4326__463_31__MODIS_006_MOD16A2__ET__2010_10_16.tif,587308.0,85.24064,epsg_4326__463_31__MODIS_006_MOD16A2__ET__2010_10_16.tif,2010_10_16,2010-10-16,463.31,11266500
11266500/epsg_4326__463_31__MODIS_006_MOD16A2__ET__2010_10_24.tif,361769.0,67.772385,epsg_4326__463_31__MODIS_006_MOD16A2__ET__2010_10_24.tif,2010_10_24,2010-10-24,463.31,11266500
11266500/epsg_4326__463_31__MODIS_006_MOD16A2__ET__2010_11_01.tif,374269.0,55.071953,epsg_4326__463_31__MODIS_006_MOD16A2__ET__2010_11_01.tif,2010_11_01,2010-11-01,463.31,11266500
11266500/epsg_4326__463_31__MODIS_006_MOD16A2__ET__2010_11_09.tif,246184.0,57.762554,epsg_4326__463_31__MODIS_006_MOD16A2__ET__2010_11_09.tif,2010_11_09,2010-11-09,463.31,11266500
11266500/epsg_4326__463_31__MODIS_006_MOD16A2__ET__2010_11_17.tif,175515.0,42.089928,epsg_4326__463_31__MODIS_006_MOD16A2__ET__2010_11_17.tif,2010_11_17,2010-11-17,463.31,11266500
11266500/epsg_4326__463_31__MODIS_006_MOD16A2__ET__2010_11_25.tif,234172.0,70.76821,epsg_4326__463_31__MODIS_006_MOD16A2__ET__2010_11_25.tif,2010_11_25,2010-11-25,463.31,11266500
11266500/epsg_4326__463_31__MODIS_006_MOD16A2__ET__2010_12_03.tif,221331.0,67.83052,epsg_4326__463_31__MODIS_006_MOD16A2__ET__2010_12_03.tif,2010_12_03,2010-12-03,463.31,11266500
11266500/epsg_4326__463_31__MODIS_006_MOD16A2__ET__2010_12_11.tif,146315.0,49.247726,epsg_4326__463_31__MODIS_006_MOD16A2__ET__2010_12_11.tif,2010_12_11,2010-12-11,463.31,11266500
11266500/epsg_4326__463_31__MODIS_006_MOD16A2__ET__2010_12_19.tif,83337.0,43.954113,epsg_4326__463_31__MODIS_006_MOD16A2__ET__2010_12_19.tif,2010_12_19,2010-12-19,463.31,11266500
11266500/epsg_4326__463_31__MODIS_006_MOD16A2__ET__2010_12_27.tif,58070.0,36.407524,epsg_4326__463_31__MODIS_006_MOD16A2__ET__2010_12_27.tif,2010_12_27,2010-12-27,463.31,11266500
11266500/epsg_4326__463_31__MODIS_006_MOD16A2__ET__2011_01_01.tif,180878.0,56.648293,epsg_4326__463_31__MODIS_006_MOD16A2__ET__2011_01_01.tif,2011_01_01,2011-01-01,463.31,11266500
11266500/epsg_4326__463_31__MODIS_006_MOD16A2__ET__2011_01_09.tif,246769.0,94.1507,epsg_4326__463_31__MODIS_006_MOD16A2__ET__2011_01_09.tif,2011_01_09,2011-01-09,463.31,11266500
11266500/epsg_4326__463_31__MODIS_006_MOD16A2__ET__2011_01_17.tif,243048.0,78.0,epsg_4326__463_31__MODIS_006_MOD16A2__ET__2011_01_17.tif,2011_01_17,2011-01-17,463.31,11266500
11266500/epsg_4326__463_31__MODIS_006_MOD16A2__ET__2011_01_25.tif,225729.0,58.13263,epsg_4326__463_31__MODIS_006_MOD16A2__ET__2011_01_25.tif,2011_01_25,2011-01-25,463.31,11266500
11266500/epsg_4326__463_31__MODIS_006_MOD16A2__ET__2011_02_02.tif,334090.0,89.85745,epsg_4326__463_31__MODIS_006_MOD16A2__ET__2011_02_02.tif,2011_02_02,2011-02-02,463.31,11266500
11266500/epsg_4326__463_31__MODIS_006_MOD16A2__ET__2011_02_10.tif,194515.0,63.42191,epsg_4326__463_31__MODIS_006_MOD16A2__ET__2011_02_10.tif,2011_02_10,2011-02-10,463.31,11266500
11266500/epsg_4326__463_31__MODIS_006_MOD16A2__ET__2011_02_18.tif,47659.0,88.916046,epsg_4326__463_31__MODIS_006_MOD16A2__ET__2011_02_18.tif,2011_02_18,2011-02-18,463.31,11266500
11266500/epsg_4326__463_31__MODIS_006_MOD16A2__ET__2011_02_26.tif,156093.0,107.28041,epsg_4326__463_31__MODIS_006_MOD16A2__ET__2011_02_26.tif,2011_02_26,2011-02-26,463.31,11266500
11266500/epsg_4326__463_31__MODIS_006_MOD16A2__ET__2011_03_06.tif,224524.0,139.11029,epsg_4326__463_31__MODIS_006_MOD16A2__ET__2011_03_06.tif,2011_03_06,2011-03-06,463.31,11266500
11266500/epsg_4326__463_31__MODIS_006_MOD16A2__ET__2011_03_14.tif,11131.0,95.13675,epsg_4326__463_31__MODIS_006_MOD16A2__ET__2011_03_14.tif,2011_03_14,2011-03-14,463.31,11266500
11266500/epsg_4326__463_31__MODIS_006_MOD16A2__ET__2011_03_22.tif,124634.0,118.13649,epsg_4326__463_31__MODIS_006_MOD16A2__ET__2011_03_22.tif,2011_03_22,2011-03-22,463.31,11266500
11266500/epsg_4326__463_31__MODIS_006_MOD16A2__ET__2011_03_30.tif,245337.0,142.80385,epsg_4326__463_31__MODIS_006_MOD16A2__ET__2011_03_30.tif,2011_03_30,2011-03-30,463.31,11266500
11266500/epsg_4326__463_31__MODIS_006_MOD16A2__ET__2011_04_07.tif,57194.0,135.5308,epsg_4326__463_31__MODIS_006_MOD16A2__ET__2011_04_07.tif,2011_04_07,2011-04-07,463.31,11266500
11266500/epsg_4326__463_31__MODIS_006_MOD16A2__ET__2011_04_15.tif,198803.0,177.18628,epsg_4326__463_31__MODIS_006_MOD16A2__ET__2011_04_15.tif,2011_04_15,2011-04-15,463.31,11266500
11266500/epsg_4326__463_31__MODIS_006_MOD16A2__ET__2011_04_23.tif,384268.0,161.05113,epsg_4326__463_31__MODIS_006_MOD16A2__ET__2011_04_23.tif,2011_04_23,2011-04-23,463.31,11266500
11266500/epsg_4326__463_31__MODIS_006_MOD16A2__ET__2011_05_01.tif,250876.0,115.66436,epsg_4326__463_31__MODIS_006_MOD16A2__ET__2011_05_01.tif,2011_05_01,2011-05-01,463.31,11266500
11266500/epsg_4326__463_31__MODIS_006_MOD16A2__ET__2011_05_09.tif,238848.0,157.2403,epsg_4326__463_31__MODIS_006_MOD16A2__ET__2011_05_09.tif,2011_05_09,2011-05-09,463.31,11266500
11266500/epsg_4326__463_31__MODIS_006_MOD16A2__ET__2011_05_17.tif,490465.0,190.99104,epsg_4326__463_31__MODIS_006_MOD16A2__ET__2011_05_17.tif,2011_05_17,2011-05-17,463.31,11266500
11266500/epsg_4326__463_31__MODIS_006_MOD16A2__ET__2011_05_25.tif,314643.0,188.86134,epsg_4326__463_31__MODIS_006_MOD16A2__ET__2011_05_25.tif,2011_05_25,2011-05-25,463.31,11266500
11266500/epsg_4326__463_31__MODIS_006_MOD16A2__ET__2011_06_02.tif,446962.0,176.52528,epsg_4326__463_31__MODIS_006_MOD16A2__ET__2011_06_02.tif,2011_06_02,2011-06-02,463.31,11266500
11266500/epsg_4326__463_31__MODIS_006_MOD16A2__ET__2011_06_10.tif,531706.0,123.59507,epsg_4326__463_31__MODIS_006_MOD16A2__ET__2011_06_10.tif,2011_06_10,2011-06-10,463.31,11266500
11266500/epsg_4326__463_31__MODIS_006_MOD16A2__ET__2011_06_18.tif,468902.0,82.07632,epsg_4326__463_31__MODIS_006_MOD16A2__ET__2011_06_18.tif,2011_06_18,2011-06-18,463.31,11266500
11266500/epsg_4326__463_31__MODIS_006_MOD16A2__ET__2011_06_26.tif,706534.0,107.604935,epsg_4326__463_31__MODIS_006_MOD16A2__ET__2011_06_26.tif,2011_06_26,2011-06-26,463.31,11266500
11266500/epsg_4326__463_31__MODIS_006_MOD16A2__ET__2011_07_04.tif,538045.0,74.43899,epsg_4326__463_31__MODIS_006_MOD16A2__ET__2011_07_04.tif,2011_07_04,2011-07-04,463.31,11266500
11266500/epsg_4326__463_31__MODIS_006_MOD16A2__ET__2011_07_12.tif,722407.0,94.92865,epsg_4326__463_31__MODIS_006_MOD16A2__ET__2011_07_12.tif,2011_07_12,2011-07-12,463.31,11266500
11266500/epsg_4326__463_31__MODIS_006_MOD16A2__ET__2011_07_20.tif,634790.0,80.41424,epsg_4326__463_31__MODIS_006_MOD16A2__ET__2011_07_20.tif,2011_07_20,2011-07-20,463.31,11266500
11266500/epsg_4326__463_31__MODIS_006_MOD16A2__ET__2011_07_28.tif,636880.0,79.49076,epsg_4326__463_31__MODIS_006_MOD16A2__ET__2011_07_28.tif,2011_07_28,2011-07-28,463.31,11266500
11266500/epsg_4326__463_31__MODIS_006_MOD16A2__ET__2011_08_05.tif,615707.0,76.276886,epsg_4326__463_31__MODIS_006_MOD16A2__ET__2011_08_05.tif,2011_08_05,2011-08-05,463.31,11266500
11266500/epsg_4326__463_31__MODIS_006_MOD16A2__ET__2011_08_13.tif,554749.0,69.66583,epsg_4326__463_31__MODIS_006_MOD16A2__ET__2011_08_13.tif,2011_08_13,2011-08-13,463.31,11266500
11266500/epsg_4326__463_31__MODIS_006_MOD16A2__ET__2011_08_21.tif,585251.0,72.0043,epsg_4326__463_31__MODIS_006_MOD16A2__ET__2011_08_21.tif,2011_08_21,2011-08-21,463.31,11266500
11266500/epsg_4326__463_31__MODIS_006_MOD16A2__ET__2011_08_29.tif,521413.0,63.68792,epsg_4326__463_31__MODIS_006_MOD16A2__ET__2011_08_29.tif,2011_08_29,2011-08-29,463.31,11266500
11266500/epsg_4326__463_31__MODIS_006_MOD16A2__ET__2011_09_06.tif,561605.0,72.75619,epsg_4326__463_31__MODIS_006_MOD16A2__ET__2011_09_06.tif,2011_09_06,2011-09-06,463.31,11266500
11266500/epsg_4326__463_31__MODIS_006_MOD16A2__ET__2011_09_14.tif,585974.0,72.86421,epsg_4326__463_31__MODIS_006_MOD16A2__ET__2011_09_14.tif,2011_09_14,2011-09-14,463.31,11266500
11266500/epsg_4326__463_31__MODIS_006_MOD16A2__ET__2011_09_22.tif,445671.0,56.392635,epsg_4326__463_31__MODIS_006_MOD16A2__ET__2011_09_22.tif,2011_09_22,2011-09-22,463.31,11266500
11266500/epsg_4326__463_31__MODIS_006_MOD16A2__ET__2011_09_30.tif,581066.0,75.99608,epsg_4326__463_31__MODIS_006_MOD16A2__ET__2011_09_30.tif,2011_09_30,2011-09-30,463.31,11266500
11266500/epsg_4326__463_31__MODIS_006_MOD16A2__ET__2011_10_08.tif,446650.0,62.556023,epsg_4326__463_31__MODIS_006_MOD16A2__ET__2011_10_08.tif,2011_10_08,2011-10-08,463.31,11266500
11266500/epsg_4326__463_31__MODIS_006_MOD16A2__ET__2011_10_16.tif,414060.0,51.744564,epsg_4326__463_31__MODIS_006_MOD16A2__ET__2011_10_16.tif,2011_10_16,2011-10-16,463.31,11266500
11266500/epsg_4326__463_31__MODIS_006_MOD16A2__ET__2011_10_24.tif,307390.0,39.41403,epsg_4326__463_31__MODIS_006_MOD16A2__ET__2011_10_24.tif,2011_10_24,2011-10-24,463.31,11266500
11266500/epsg_4326__463_31__MODIS_006_MOD16A2__ET__2011_11_01.tif,369394.0,49.47683,epsg_4326__463_31__MODIS_006_MOD16A2__ET__2011_11_01.tif,2011_11_01,2011-11-01,463.31,11266500
11266500/epsg_4326__463_31__MODIS_006_MOD16A2__ET__2011_11_09.tif,277729.0,62.243164,epsg_4326__463_31__MODIS_006_MOD16A2__ET__2011_11_09.tif,2011_11_09,2011-11-09,463.31,11266500
11266500/epsg_4326__463_31__MODIS_006_MOD16A2__ET__2011_11_17.tif,212829.0,54.768143,epsg_4326__463_31__MODIS_006_MOD16A2__ET__2011_11_17.tif,2011_11_17,2011-11-17,463.31,11266500
11266500/epsg_4326__463_31__MODIS_006_MOD16A2__ET__2011_11_25.tif,183989.0,37.59481,epsg_4326__463_31__MODIS_006_MOD16A2__ET__2011_11_25.tif,2011_11_25,2011-11-25,463.31,11266500
11266500/epsg_4326__463_31__MODIS_006_MOD16A2__ET__2011_12_03.tif,166800.0,34.40594,epsg_4326__463_31__MODIS_006_MOD16A2__ET__2011_12_03.tif,2011_12_03,2011-12-03,463.31,11266500
11266500/epsg_4326__463_31__MODIS_006_MOD16A2__ET__2011_12_11.tif,196898.0,41.786503,epsg_4326__463_31__MODIS_006_MOD16A2__ET__2011_12_11.tif,2011_12_11,2011-12-11,463.31,11266500
11266500/epsg_4326__463_31__MODIS_006_MOD16A2__ET__2011_12_19.tif,172522.0,31.253986,epsg_4326__463_31__MODIS_006_MOD16A2__ET__2011_12_19.tif,2011_12_19,2011-12-19,463.31,11266500
11266500/epsg_4326__463_31__MODIS_006_MOD16A2__ET__2011_12_27.tif,100977.0,18.541498,epsg_4326__463_31__MODIS_006_MOD16A2__ET__2011_12_27.tif,2011_12_27,2011-12-27,463.31,11266500
11266500/epsg_4326__463_31__MODIS_006_MOD16A2__ET__2012_01_01.tif,143142.0,26.81566,epsg_4326__463_31__MODIS_006_MOD16A2__ET__2012_01_01.tif,2012_01_01,2012-01-01,463.31,11266500
11266500/epsg_4326__463_31__MODIS_006_MOD16A2__ET__2012_01_09.tif,190946.0,28.355509,epsg_4326__463_31__MODIS_006_MOD16A2__ET__2012_01_09.tif,2012_01_09,2012-01-09,463.31,11266500
11266500/epsg_4326__463_31__MODIS_006_MOD16A2__ET__2012_01_17.tif,158584.0,43.55507,epsg_4326__463_31__MODIS_006_MOD16A2__ET__2012_01_17.tif,2012_01_17,2012-01-17,463.31,11266500
11266500/epsg_4326__463_31__MODIS_006_MOD16A2__ET__2012_01_25.tif,238890.0,74.44375,epsg_4326__463_31__MODIS_006_MOD16A2__ET__2012_01_25.tif,2012_01_25,2012-01-25,463.31,11266500
11266500/epsg_4326__463_31__MODIS_006_MOD16A2__ET__2012_02_02.tif,330471.0,77.59357,epsg_4326__463_31__MODIS_006_MOD16A2__ET__2012_02_02.tif,2012_02_02,2012-02-02,463.31,11266500
11266500/epsg_4326__463_31__MODIS_006_MOD16A2__ET__2012_02_10.tif,200752.0,72.97419,epsg_4326__463_31__MODIS_006_MOD16A2__ET__2012_02_10.tif,2012_02_10,2012-02-10,463.31,11266500
11266500/epsg_4326__463_31__MODIS_006_MOD16A2__ET__2012_02_18.tif,245364.0,80.84481,epsg_4326__463_31__MODIS_006_MOD16A2__ET__2012_02_18.tif,2012_02_18,2012-02-18,463.31,11266500
11266500/epsg_4326__463_31__MODIS_006_MOD16A2__ET__2012_02_26.tif,174892.0,76.57268,epsg_4326__463_31__MODIS_006_MOD16A2__ET__2012_02_26.tif,2012_02_26,2012-02-26,463.31,11266500
11266500/epsg_4326__463_31__MODIS_006_MOD16A2__ET__2012_03_05.tif,239945.0,72.71061,epsg_4326__463_31__MODIS_006_MOD16A2__ET__2012_03_05.tif,2012_03_05,2012-03-05,463.31,11266500
11266500/epsg_4326__463_31__MODIS_006_MOD16A2__ET__2012_03_13.tif,55746.0,112.39113,epsg_4326__463_31__MODIS_006_MOD16A2__ET__2012_03_13.tif,2012_03_13,2012-03-13,463.31,11266500
11266500/epsg_4326__463_31__MODIS_006_MOD16A2__ET__2012_03_21.tif,131017.0,120.19908,epsg_4326__463_31__MODIS_006_MOD16A2__ET__2012_03_21.tif,2012_03_21,2012-03-21,463.31,11266500
11266500/epsg_4326__463_31__MODIS_006_MOD16A2__ET__2012_03_29.tif,61559.0,135.59251,epsg_4326__463_31__MODIS_006_MOD16A2__ET__2012_03_29.tif,2012_03_29,2012-03-29,463.31,11266500
11266500/epsg_4326__463_31__MODIS_006_MOD16A2__ET__2012_04_06.tif,189946.0,73.33823,epsg_4326__463_31__MODIS_006_MOD16A2__ET__2012_04_06.tif,2012_04_06,2012-04-06,463.31,11266500
11266500/epsg_4326__463_31__MODIS_006_MOD16A2__ET__2012_04_14.tif,357902.0,135.05736,epsg_4326__463_31__MODIS_006_MOD16A2__ET__2012_04_14.tif,2012_04_14,2012-04-14,463.31,11266500
11266500/epsg_4326__463_31__MODIS_006_MOD16A2__ET__2012_04_22.tif,496468.0,116.05142,epsg_4326__463_31__MODIS_006_MOD16A2__ET__2012_04_22.tif,2012_04_22,2012-04-22,463.31,11266500
11266500/epsg_4326__463_31__MODIS_006_MOD16A2__ET__2012_04_30.tif,425221.0,81.789,epsg_4326__463_31__MODIS_006_MOD16A2__ET__2012_04_30.tif,2012_04_30,2012-04-30,463.31,11266500
11266500/epsg_4326__463_31__MODIS_006_MOD16A2__ET__2012_05_08.tif,460081.0,67.135704,epsg_4326__463_31__MODIS_006_MOD16A2__ET__2012_05_08.tif,2012_05_08,2012-05-08,463.31,11266500
11266500/epsg_4326__463_31__MODIS_006_MOD16A2__ET__2012_05_16.tif,598636.0,78.92367,epsg_4326__463_31__MODIS_006_MOD16A2__ET__2012_05_16.tif,2012_05_16,2012-05-16,463.31,11266500
11266500/epsg_4326__463_31__MODIS_006_MOD16A2__ET__2012_05_24.tif,846382.0,108.17766,epsg_4326__463_31__MODIS_006_MOD16A2__ET__2012_05_24.tif,2012_05_24,2012-05-24,463.31,11266500
11266500/epsg_4326__463_31__MODIS_006_MOD16A2__ET__2012_06_01.tif,788524.0,98.46703,epsg_4326__463_31__MODIS_006_MOD16A2__ET__2012_06_01.tif,2012_06_01,2012-06-01,463.31,11266500
11266500/epsg_4326__463_31__MODIS_006_MOD16A2__ET__2012_06_09.tif,520364.0,63.90323,epsg_4326__463_31__MODIS_006_MOD16A2__ET__2012_06_09.tif,2012_06_09,2012-06-09,463.31,11266500
11266500/epsg_4326__463_31__MODIS_006_MOD16A2__ET__2012_06_17.tif,665425.0,80.92241,epsg_4326__463_31__MODIS_006_MOD16A2__ET__2012_06_17.tif,2012_06_17,2012-06-17,463.31,11266500
11266500/epsg_4326__463_31__MODIS_006_MOD16A2__ET__2012_06_25.tif,571100.0,69.55304,epsg_4326__463_31__MODIS_006_MOD16A2__ET__2012_06_25.tif,2012_06_25,2012-06-25,463.31,11266500
11266500/epsg_4326__463_31__MODIS_006_MOD16A2__ET__2012_07_03.tif,626007.0,75.861244,epsg_4326__463_31__MODIS_006_MOD16A2__ET__2012_07_03.tif,2012_07_03,2012-07-03,463.31,11266500
11266500/epsg_4326__463_31__MODIS_006_MOD16A2__ET__2012_07_11.tif,493853.0,60.18194,epsg_4326__463_31__MODIS_006_MOD16A2__ET__2012_07_11.tif,2012_07_11,2012-07-11,463.31,11266500
11266500/epsg_4326__463_31__MODIS_006_MOD16A2__ET__2012_07_19.tif,576768.0,70.14935,epsg_4326__463_31__MODIS_006_MOD16A2__ET__2012_07_19.tif,2012_07_19,2012-07-19,463.31,11266500
11266500/epsg_4326__463_31__MODIS_006_MOD16A2__ET__2012_07_27.tif,433944.0,52.714287,epsg_4326__463_31__MODIS_006_MOD16A2__ET__2012_07_27.tif,2012_07_27,2012-07-27,463.31,11266500
11266500/epsg_4326__463_31__MODIS_006_MOD16A2__ET__2012_08_04.tif,431454.0,52.770794,epsg_4326__463_31__MODIS_006_MOD16A2__ET__2012_08_04.tif,2012_08_04,2012-08-04,463.31,11266500
11266500/epsg_4326__463_31__MODIS_006_MOD16A2__ET__2012_08_12.tif,465132.0,60.048023,epsg_4326__463_31__MODIS_006_MOD16A2__ET__2012_08_12.tif,2012_08_12,2012-08-12,463.31,11266500
11266500/epsg_4326__463_31__MODIS_006_MOD16A2__ET__2012_08_20.tif,526202.0,64.58051,epsg_4326__463_31__MODIS_006_MOD16A2__ET__2012_08_20.tif,2012_08_20,2012-08-20,463.31,11266500
11266500/epsg_4326__463_31__MODIS_006_MOD16A2__ET__2012_08_28.tif,431386.0,52.44177,epsg_4326__463_31__MODIS_006_MOD16A2__ET__2012_08_28.tif,2012_08_28,2012-08-28,463.31,11266500
11266500/epsg_4326__463_31__MODIS_006_MOD16A2__ET__2012_09_05.tif,535734.0,66.164505,epsg_4326__463_31__MODIS_006_MOD16A2__ET__2012_09_05.tif,2012_09_05,2012-09-05,463.31,11266500
11266500/epsg_4326__463_31__MODIS_006_MOD16A2__ET__2012_09_13.tif,387480.0,46.9502,epsg_4326__463_31__MODIS_006_MOD16A2__ET__2012_09_13.tif,2012_09_13,2012-09-13,463.31,11266500
11266500/epsg_4326__463_31__MODIS_006_MOD16A2__ET__2012_09_21.tif,398853.0,49.295883,epsg_4326__463_31__MODIS_006_MOD16A2__ET__2012_09_21.tif,2012_09_21,2012-09-21,463.31,11266500
11266500/epsg_4326__463_31__MODIS_006_MOD16A2__ET__2012_09_29.tif,331874.0,40.339615,epsg_4326__463_31__MODIS_006_MOD16A2__ET__2012_09_29.tif,2012_09_29,2012-09-29,463.31,11266500
11266500/epsg_4326__463_31__MODIS_006_MOD16A2__ET__2012_10_07.tif,476837.0,60.64314,epsg_4326__463_31__MODIS_006_MOD16A2__ET__2012_10_07.tif,2012_10_07,2012-10-07,463.31,11266500
11266500/epsg_4326__463_31__MODIS_006_MOD16A2__ET__2012_10_15.tif,414205.0,51.518036,epsg_4326__463_31__MODIS_006_MOD16A2__ET__2012_10_15.tif,2012_10_15,2012-10-15,463.31,11266500
11266500/epsg_4326__463_31__MODIS_006_MOD16A2__ET__2012_10_23.tif,368383.0,64.23418,epsg_4326__463_31__MODIS_006_MOD16A2__ET__2012_10_23.tif,2012_10_23,2012-10-23,463.31,11266500
11266500/epsg_4326__463_31__MODIS_006_MOD16A2__ET__2012_10_31.tif,269415.0,39.689896,epsg_4326__463_31__MODIS_006_MOD16A2__ET__2012_10_31.tif,2012_10_31,2012-10-31,463.31,11266500
11266500/epsg_4326__463_31__MODIS_006_MOD16A2__ET__2012_11_08.tif,182253.0,51.05126,epsg_4326__463_31__MODIS_006_MOD16A2__ET__2012_11_08.tif,2012_11_08,2012-11-08,463.31,11266500
11266500/epsg_4326__463_31__MODIS_006_MOD16A2__ET__2012_11_16.tif,261229.0,69.49428,epsg_4326__463_31__MODIS_006_MOD16A2__ET__2012_11_16.tif,2012_11_16,2012-11-16,463.31,11266500
11266500/epsg_4326__463_31__MODIS_006_MOD16A2__ET__2012_11_24.tif,193398.0,37.854374,epsg_4326__463_31__MODIS_006_MOD16A2__ET__2012_11_24.tif,2012_11_24,2012-11-24,463.31,11266500
11266500/epsg_4326__463_31__MODIS_006_MOD16A2__ET__2012_12_02.tif,225742.0,61.510082,epsg_4326__463_31__MODIS_006_MOD16A2__ET__2012_12_02.tif,2012_12_02,2012-12-02,463.31,11266500
11266500/epsg_4326__463_31__MODIS_006_MOD16A2__ET__2012_12_10.tif,266617.0,54.34509,epsg_4326__463_31__MODIS_006_MOD16A2__ET__2012_12_10.tif,2012_12_10,2012-12-10,463.31,11266500
11266500/epsg_4326__463_31__MODIS_006_MOD16A2__ET__2012_12_18.tif,146141.0,51.476223,epsg_4326__463_31__MODIS_006_MOD16A2__ET__2012_12_18.tif,2012_12_18,2012-12-18,463.31,11266500
11266500/epsg_4326__463_31__MODIS_006_MOD16A2__ET__2012_12_26.tif,105893.0,38.66119,epsg_4326__463_31__MODIS_006_MOD16A2__ET__2012_12_26.tif,2012_12_26,2012-12-26,463.31,11266500
11266500/epsg_4326__463_31__MODIS_006_MOD16A2__ET__2013_01_01.tif,177724.0,67.26874,epsg_4326__463_31__MODIS_006_MOD16A2__ET__2013_01_01.tif,2013_01_01,2013-01-01,463.31,11266500
11266500/epsg_4326__463_31__MODIS_006_MOD16A2__ET__2013_01_09.tif,200790.0,61.460056,epsg_4326__463_31__MODIS_006_MOD16A2__ET__2013_01_09.tif,2013_01_09,2013-01-09,463.31,11266500
11266500/epsg_4326__463_31__MODIS_006_MOD16A2__ET__2013_01_17.tif,200831.0,49.211224,epsg_4326__463_31__MODIS_006_MOD16A2__ET__2013_01_17.tif,2013_01_17,2013-01-17,463.31,11266500
11266500/epsg_4326__463_31__MODIS_006_MOD16A2__ET__2013_01_25.tif,250353.0,65.02676,epsg_4326__463_31__MODIS_006_MOD16A2__ET__2013_01_25.tif,2013_01_25,2013-01-25,463.31,11266500
11266500/epsg_4326__463_31__MODIS_006_MOD16A2__ET__2013_02_02.tif,264182.0,65.35923,epsg_4326__463_31__MODIS_006_MOD16A2__ET__2013_02_02.tif,2013_02_02,2013-02-02,463.31,11266500
11266500/epsg_4326__463_31__MODIS_006_MOD16A2__ET__2013_02_10.tif,278365.0,75.60158,epsg_4326__463_31__MODIS_006_MOD16A2__ET__2013_02_10.tif,2013_02_10,2013-02-10,463.31,11266500
11266500/epsg_4326__463_31__MODIS_006_MOD16A2__ET__2013_02_18.tif,269881.0,96.974846,epsg_4326__463_31__MODIS_006_MOD16A2__ET__2013_02_18.tif,2013_02_18,2013-02-18,463.31,11266500
11266500/epsg_4326__463_31__MODIS_006_MOD16A2__ET__2013_02_26.tif,368264.0,97.244255,epsg_4326__463_31__MODIS_006_MOD16A2__ET__2013_02_26.tif,2013_02_26,2013-02-26,463.31,11266500
11266500/epsg_4326__463_31__MODIS_006_MOD16A2__ET__2013_03_06.tif,176871.0,74.56619,epsg_4326__463_31__MODIS_006_MOD16A2__ET__2013_03_06.tif,2013_03_06,2013-03-06,463.31,11266500
11266500/epsg_4326__463_31__MODIS_006_MOD16A2__ET__2013_03_14.tif,198834.0,85.77826,epsg_4326__463_31__MODIS_006_MOD16A2__ET__2013_03_14.tif,2013_03_14,2013-03-14,463.31,11266500
11266500/epsg_4326__463_31__MODIS_006_MOD16A2__ET__2013_03_22.tif,230061.0,106.65786,epsg_4326__463_31__MODIS_006_MOD16A2__ET__2013_03_22.tif,2013_03_22,2013-03-22,463.31,11266500
11266500/epsg_4326__463_31__MODIS_006_MOD16A2__ET__2013_03_30.tif,274003.0,138.66548,epsg_4326__463_31__MODIS_006_MOD16A2__ET__2013_03_30.tif,2013_03_30,2013-03-30,463.31,11266500
11266500/epsg_4326__463_31__MODIS_006_MOD16A2__ET__2013_04_07.tif,395481.0,111.78095,epsg_4326__463_31__MODIS_006_MOD16A2__ET__2013_04_07.tif,2013_04_07,2013-04-07,463.31,11266500
11266500/epsg_4326__463_31__MODIS_006_MOD16A2__ET__2013_04_15.tif,367407.0,75.81655,epsg_4326__463_31__MODIS_006_MOD16A2__ET__2013_04_15.tif,2013_04_15,2013-04-15,463.31,11266500
11266500/epsg_4326__463_31__MODIS_006_MOD16A2__ET__2013_04_23.tif,392028.0,71.49882,epsg_4326__463_31__MODIS_006_MOD16A2__ET__2013_04_23.tif,2013_04_23,2013-04-23,463.31,11266500
11266500/epsg_4326__463_31__MODIS_006_MOD16A2__ET__2013_05_01.tif,618351.0,104.98319,epsg_4326__463_31__MODIS_006_MOD16A2__ET__2013_05_01.tif,2013_05_01,2013-05-01,463.31,11266500
11266500/epsg_4326__463_31__MODIS_006_MOD16A2__ET__2013_05_09.tif,639877.0,99.09819,epsg_4326__463_31__MODIS_006_MOD16A2__ET__2013_05_09.tif,2013_05_09,2013-05-09,463.31,11266500
11266500/epsg_4326__463_31__MODIS_006_MOD16A2__ET__2013_05_17.tif,589238.0,80.37621,epsg_4326__463_31__MODIS_006_MOD16A2__ET__2013_05_17.tif,2013_05_17,2013-05-17,463.31,11266500
11266500/epsg_4326__463_31__MODIS_006_MOD16A2__ET__2013_05_25.tif,727557.0,99.583496,epsg_4326__463_31__MODIS_006_MOD16A2__ET__2013_05_25.tif,2013_05_25,2013-05-25,463.31,11266500
11266500/epsg_4326__463_31__MODIS_006_MOD16A2__ET__2013_06_02.tif,510908.0,64.28133,epsg_4326__463_31__MODIS_006_MOD16A2__ET__2013_06_02.tif,2013_06_02,2013-06-02,463.31,11266500
11266500/epsg_4326__463_31__MODIS_006_MOD16A2__ET__2013_06_10.tif,602903.0,75.08132,epsg_4326__463_31__MODIS_006_MOD16A2__ET__2013_06_10.tif,2013_06_10,2013-06-10,463.31,11266500
11266500/epsg_4326__463_31__MODIS_006_MOD16A2__ET__2013_06_18.tif,871569.0,107.654274,epsg_4326__463_31__MODIS_006_MOD16A2__ET__2013_06_18.tif,2013_06_18,2013-06-18,463.31,11266500
11266500/epsg_4326__463_31__MODIS_006_MOD16A2__ET__2013_06_26.tif,619048.0,75.12718,epsg_4326__463_31__MODIS_006_MOD16A2__ET__2013_06_26.tif,2013_06_26,2013-06-26,463.31,11266500
11266500/epsg_4326__463_31__MODIS_006_MOD16A2__ET__2013_07_04.tif,625991.0,76.611305,epsg_4326__463_31__MODIS_006_MOD16A2__ET__2013_07_04.tif,2013_07_04,2013-07-04,463.31,11266500
11266500/epsg_4326__463_31__MODIS_006_MOD16A2__ET__2013_07_12.tif,543525.0,66.04994,epsg_4326__463_31__MODIS_006_MOD16A2__ET__2013_07_12.tif,2013_07_12,2013-07-12,463.31,11266500
11266500/epsg_4326__463_31__MODIS_006_MOD16A2__ET__2013_07_20.tif,442190.0,57.59182,epsg_4326__463_31__MODIS_006_MOD16A2__ET__2013_07_20.tif,2013_07_20,2013-07-20,463.31,11266500
11266500/epsg_4326__463_31__MODIS_006_MOD16A2__ET__2013_07_28.tif,627569.0,75.96768,epsg_4326__463_31__MODIS_006_MOD16A2__ET__2013_07_28.tif,2013_07_28,2013-07-28,463.31,11266500
11266500/epsg_4326__463_31__MODIS_006_MOD16A2__ET__2013_08_05.tif,539912.0,65.18314,epsg_4326__463_31__MODIS_006_MOD16A2__ET__2013_08_05.tif,2013_08_05,2013-08-05,463.31,11266500
11266500/epsg_4326__463_31__MODIS_006_MOD16A2__ET__2013_08_13.tif,487527.0,59.30264,epsg_4326__463_31__MODIS_006_MOD16A2__ET__2013_08_13.tif,2013_08_13,2013-08-13,463.31,11266500
11266500/epsg_4326__463_31__MODIS_006_MOD16A2__ET__2013_08_21.tif,523986.0,63.93972,epsg_4326__463_31__MODIS_006_MOD16A2__ET__2013_08_21.tif,2013_08_21,2013-08-21,463.31,11266500
11266500/epsg_4326__463_31__MODIS_006_MOD16A2__ET__2013_08_29.tif,611927.0,74.880936,epsg_4326__463_31__MODIS_006_MOD16A2__ET__2013_08_29.tif,2013_08_29,2013-08-29,463.31,11266500
11266500/epsg_4326__463_31__MODIS_006_MOD16A2__ET__2013_09_06.tif,496876.0,60.483994,epsg_4326__463_31__MODIS_006_MOD16A2__ET__2013_09_06.tif,2013_09_06,2013-09-06,463.31,11266500
11266500/epsg_4326__463_31__MODIS_006_MOD16A2__ET__2013_09_14.tif,514416.0,62.3837,epsg_4326__463_31__MODIS_006_MOD16A2__ET__2013_09_14.tif,2013_09_14,2013-09-14,463.31,11266500
11266500/epsg_4326__463_31__MODIS_006_MOD16A2__ET__2013_09_22.tif,388225.0,52.159748,epsg_4326__463_31__MODIS_006_MOD16A2__ET__2013_09_22.tif,2013_09_22,2013-09-22,463.31,11266500
11266500/epsg_4326__463_31__MODIS_006_MOD16A2__ET__2013_09_30.tif,316770.0,42.4113,epsg_4326__463_31__MODIS_006_MOD16A2__ET__2013_09_30.tif,2013_09_30,2013-09-30,463.31,11266500
11266500/epsg_4326__463_31__MODIS_006_MOD16A2__ET__2013_10_08.tif,420865.0,56.8199,epsg_4326__463_31__MODIS_006_MOD16A2__ET__2013_10_08.tif,2013_10_08,2013-10-08,463.31,11266500
11266500/epsg_4326__463_31__MODIS_006_MOD16A2__ET__2013_10_16.tif,255251.0,32.155582,epsg_4326__463_31__MODIS_006_MOD16A2__ET__2013_10_16.tif,2013_10_16,2013-10-16,463.31,11266500
11266500/epsg_4326__463_31__MODIS_006_MOD16A2__ET__2013_10_24.tif,348873.0,43.484108,epsg_4326__463_31__MODIS_006_MOD16A2__ET__2013_10_24.tif,2013_10_24,2013-10-24,463.31,11266500
11266500/epsg_4326__463_31__MODIS_006_MOD16A2__ET__2013_11_01.tif,193173.0,38.611435,epsg_4326__463_31__MODIS_006_MOD16A2__ET__2013_11_01.tif,2013_11_01,2013-11-01,463.31,11266500
11266500/epsg_4326__463_31__MODIS_006_MOD16A2__ET__2013_11_09.tif,264386.0,38.886013,epsg_4326__463_31__MODIS_006_MOD16A2__ET__2013_11_09.tif,2013_11_09,2013-11-09,463.31,11266500
11266500/epsg_4326__463_31__MODIS_006_MOD16A2__ET__2013_11_17.tif,327129.0,62.909424,epsg_4326__463_31__MODIS_006_MOD16A2__ET__2013_11_17.tif,2013_11_17,2013-11-17,463.31,11266500
11266500/epsg_4326__463_31__MODIS_006_MOD16A2__ET__2013_11_25.tif,241776.0,44.23271,epsg_4326__463_31__MODIS_006_MOD16A2__ET__2013_11_25.tif,2013_11_25,2013-11-25,463.31,11266500
11266500/epsg_4326__463_31__MODIS_006_MOD16A2__ET__2013_12_03.tif,197078.0,63.328407,epsg_4326__463_31__MODIS_006_MOD16A2__ET__2013_12_03.tif,2013_12_03,2013-12-03,463.31,11266500
11266500/epsg_4326__463_31__MODIS_006_MOD16A2__ET__2013_12_11.tif,193610.0,37.11848,epsg_4326__463_31__MODIS_006_MOD16A2__ET__2013_12_11.tif,2013_12_11,2013-12-11,463.31,11266500
11266500/epsg_4326__463_31__MODIS_006_MOD16A2__ET__2013_12_19.tif,202098.0,42.899174,epsg_4326__463_31__MODIS_006_MOD16A2__ET__2013_12_19.tif,2013_12_19,2013-12-19,463.31,11266500
11266500/epsg_4326__463_31__MODIS_006_MOD16A2__ET__2013_12_27.tif,56583.0,14.092901,epsg_4326__463_31__MODIS_006_MOD16A2__ET__2013_12_27.tif,2013_12_27,2013-12-27,463.31,11266500
11266500/epsg_4326__463_31__MODIS_006_MOD16A2__ET__2014_01_01.tif,138686.0,33.370068,epsg_4326__463_31__MODIS_006_MOD16A2__ET__2014_01_01.tif,2014_01_01,2014-01-01,463.31,11266500
11266500/epsg_4326__463_31__MODIS_006_MOD16A2__ET__2014_01_09.tif,196043.0,42.442738,epsg_4326__463_31__MODIS_006_MOD16A2__ET__2014_01_09.tif,2014_01_09,2014-01-09,463.31,11266500
11266500/epsg_4326__463_31__MODIS_006_MOD16A2__ET__2014_01_17.tif,137951.0,27.717701,epsg_4326__463_31__MODIS_006_MOD16A2__ET__2014_01_17.tif,2014_01_17,2014-01-17,463.31,11266500
11266500/epsg_4326__463_31__MODIS_006_MOD16A2__ET__2014_01_25.tif,124870.0,48.70125,epsg_4326__463_31__MODIS_006_MOD16A2__ET__2014_01_25.tif,2014_01_25,2014-01-25,463.31,11266500
11266500/epsg_4326__463_31__MODIS_006_MOD16A2__ET__2014_02_02.tif,46083.0,63.47521,epsg_4326__463_31__MODIS_006_MOD16A2__ET__2014_02_02.tif,2014_02_02,2014-02-02,463.31,11266500
11266500/epsg_4326__463_31__MODIS_006_MOD16A2__ET__2014_02_10.tif,267895.0,78.240364,epsg_4326__463_31__MODIS_006_MOD16A2__ET__2014_02_10.tif,2014_02_10,2014-02-10,463.31,11266500
11266500/epsg_4326__463_31__MODIS_006_MOD16A2__ET__2014_02_18.tif,330784.0,75.65965,epsg_4326__463_31__MODIS_006_MOD16A2__ET__2014_02_18.tif,2014_02_18,2014-02-18,463.31,11266500
11266500/epsg_4326__463_31__MODIS_006_MOD16A2__ET__2014_02_26.tif,79463.0,119.31381,epsg_4326__463_31__MODIS_006_MOD16A2__ET__2014_02_26.tif,2014_02_26,2014-02-26,463.31,11266500
11266500/epsg_4326__463_31__MODIS_006_MOD16A2__ET__2014_03_06.tif,337276.0,90.44677,epsg_4326__463_31__MODIS_006_MOD16A2__ET__2014_03_06.tif,2014_03_06,2014-03-06,463.31,11266500
11266500/epsg_4326__463_31__MODIS_006_MOD16A2__ET__2014_03_14.tif,203732.0,61.830654,epsg_4326__463_31__MODIS_006_MOD16A2__ET__2014_03_14.tif,2014_03_14,2014-03-14,463.31,11266500
11266500/epsg_4326__463_31__MODIS_006_MOD16A2__ET__2014_03_22.tif,394011.0,91.43908,epsg_4326__463_31__MODIS_006_MOD16A2__ET__2014_03_22.tif,2014_03_22,2014-03-22,463.31,11266500
11266500/epsg_4326__463_31__MODIS_006_MOD16A2__ET__2014_03_30.tif,278114.0,140.24911,epsg_4326__463_31__MODIS_006_MOD16A2__ET__2014_03_30.tif,2014_03_30,2014-03-30,463.31,11266500
11266500/epsg_4326__463_31__MODIS_006_MOD16A2__ET__2014_04_07.tif,290180.0,75.64651,epsg_4326__463_31__MODIS_006_MOD16A2__ET__2014_04_07.tif,2014_04_07,2014-04-07,463.31,11266500
11266500/epsg_4326__463_31__MODIS_006_MOD16A2__ET__2014_04_15.tif,448361.0,107.54642,epsg_4326__463_31__MODIS_006_MOD16A2__ET__2014_04_15.tif,2014_04_15,2014-04-15,463.31,11266500
11266500/epsg_4326__463_31__MODIS_006_MOD16A2__ET__2014_04_23.tif,534996.0,111.71351,epsg_4326__463_31__MODIS_006_MOD16A2__ET__2014_04_23.tif,2014_04_23,2014-04-23,463.31,11266500
11266500/epsg_4326__463_31__MODIS_006_MOD16A2__ET__2014_05_01.tif,524223.0,105.64752,epsg_4326__463_31__MODIS_006_MOD16A2__ET__2014_05_01.tif,2014_05_01,2014-05-01,463.31,11266500
11266500/epsg_4326__463_31__MODIS_006_MOD16A2__ET__2014_05_09.tif,540784.0,84.81556,epsg_4326__463_31__MODIS_006_MOD16A2__ET__2014_05_09.tif,2014_05_09,2014-05-09,463.31,11266500
11266500/epsg_4326__463_31__MODIS_006_MOD16A2__ET__2014_05_17.tif,660750.0,105.332375,epsg_4326__463_31__MODIS_006_MOD16A2__ET__2014_05_17.tif,2014_05_17,2014-05-17,463.31,11266500
11266500/epsg_4326__463_31__MODIS_006_MOD16A2__ET__2014_05_25.tif,497272.0,64.96042,epsg_4326__463_31__MODIS_006_MOD16A2__ET__2014_05_25.tif,2014_05_25,2014-05-25,463.31,11266500
11266500/epsg_4326__463_31__MODIS_006_MOD16A2__ET__2014_06_02.tif,506815.0,62.966206,epsg_4326__463_31__MODIS_006_MOD16A2__ET__2014_06_02.tif,2014_06_02,2014-06-02,463.31,11266500
11266500/epsg_4326__463_31__MODIS_006_MOD16A2__ET__2014_06_10.tif,539776.0,66.83705,epsg_4326__463_31__MODIS_006_MOD16A2__ET__2014_06_10.tif,2014_06_10,2014-06-10,463.31,11266500
11266500/epsg_4326__463_31__MODIS_006_MOD16A2__ET__2014_06_18.tif,516126.0,63.18105,epsg_4326__463_31__MODIS_006_MOD16A2__ET__2014_06_18.tif,2014_06_18,2014-06-18,463.31,11266500
11266500/epsg_4326__463_31__MODIS_006_MOD16A2__ET__2014_06_26.tif,617945.0,75.43274,epsg_4326__463_31__MODIS_006_MOD16A2__ET__2014_06_26.tif,2014_06_26,2014-06-26,463.31,11266500
11266500/epsg_4326__463_31__MODIS_006_MOD16A2__ET__2014_07_04.tif,531387.0,64.74802,epsg_4326__463_31__MODIS_006_MOD16A2__ET__2014_07_04.tif,2014_07_04,2014-07-04,463.31,11266500
11266500/epsg_4326__463_31__MODIS_006_MOD16A2__ET__2014_07_12.tif,598243.0,72.77895,epsg_4326__463_31__MODIS_006_MOD16A2__ET__2014_07_12.tif,2014_07_12,2014-07-12,463.31,11266500
11266500/epsg_4326__463_31__MODIS_006_MOD16A2__ET__2014_07_20.tif,628825.0,78.72121,epsg_4326__463_31__MODIS_006_MOD16A2__ET__2014_07_20.tif,2014_07_20,2014-07-20,463.31,11266500
11266500/epsg_4326__463_31__MODIS_006_MOD16A2__ET__2014_07_28.tif,671524.0,85.0892,epsg_4326__463_31__MODIS_006_MOD16A2__ET__2014_07_28.tif,2014_07_28,2014-07-28,463.31,11266500
11266500/epsg_4326__463_31__MODIS_006_MOD16A2__ET__2014_08_05.tif,661613.0,81.21937,epsg_4326__463_31__MODIS_006_MOD16A2__ET__2014_08_05.tif,2014_08_05,2014-08-05,463.31,11266500
11266500/epsg_4326__463_31__MODIS_006_MOD16A2__ET__2014_08_13.tif,551121.0,66.61683,epsg_4326__463_31__MODIS_006_MOD16A2__ET__2014_08_13.tif,2014_08_13,2014-08-13,463.31,11266500
11266500/epsg_4326__463_31__MODIS_006_MOD16A2__ET__2014_08_21.tif,565554.0,68.311874,epsg_4326__463_31__MODIS_006_MOD16A2__ET__2014_08_21.tif,2014_08_21,2014-08-21,463.31,11266500
11266500/epsg_4326__463_31__MODIS_006_MOD16A2__ET__2014_08_29.tif,467621.0,56.52375,epsg_4326__463_31__MODIS_006_MOD16A2__ET__2014_08_29.tif,2014_08_29,2014-08-29,463.31,11266500
11266500/epsg_4326__463_31__MODIS_006_MOD16A2__ET__2014_09_06.tif,390130.0,47.70482,epsg_4326__463_31__MODIS_006_MOD16A2__ET__2014_09_06.tif,2014_09_06,2014-09-06,463.31,11266500
11266500/epsg_4326__463_31__MODIS_006_MOD16A2__ET__2014_09_14.tif,559364.0,68.165245,epsg_4326__463_31__MODIS_006_MOD16A2__ET__2014_09_14.tif,2014_09_14,2014-09-14,463.31,11266500
11266500/epsg_4326__463_31__MODIS_006_MOD16A2__ET__2014_09_22.tif,554818.0,68.436905,epsg_4326__463_31__MODIS_006_MOD16A2__ET__2014_09_22.tif,2014_09_22,2014-09-22,463.31,11266500
11266500/epsg_4326__463_31__MODIS_006_MOD16A2__ET__2014_09_30.tif,330019.0,40.158066,epsg_4326__463_31__MODIS_006_MOD16A2__ET__2014_09_30.tif,2014_09_30,2014-09-30,463.31,11266500
11266500/epsg_4326__463_31__MODIS_006_MOD16A2__ET__2014_10_08.tif,353430.0,42.93889,epsg_4326__463_31__MODIS_006_MOD16A2__ET__2014_10_08.tif,2014_10_08,2014-10-08,463.31,11266500
11266500/epsg_4326__463_31__MODIS_006_MOD16A2__ET__2014_10_16.tif,307237.0,40.68825,epsg_4326__463_31__MODIS_006_MOD16A2__ET__2014_10_16.tif,2014_10_16,2014-10-16,463.31,11266500
11266500/epsg_4326__463_31__MODIS_006_MOD16A2__ET__2014_10_24.tif,351154.0,43.71393,epsg_4326__463_31__MODIS_006_MOD16A2__ET__2014_10_24.tif,2014_10_24,2014-10-24,463.31,11266500
11266500/epsg_4326__463_31__MODIS_006_MOD16A2__ET__2014_11_01.tif,219942.0,42.99101,epsg_4326__463_31__MODIS_006_MOD16A2__ET__2014_11_01.tif,2014_11_01,2014-11-01,463.31,11266500
11266500/epsg_4326__463_31__MODIS_006_MOD16A2__ET__2014_11_09.tif,336470.0,49.112537,epsg_4326__463_31__MODIS_006_MOD16A2__ET__2014_11_09.tif,2014_11_09,2014-11-09,463.31,11266500
11266500/epsg_4326__463_31__MODIS_006_MOD16A2__ET__2014_11_17.tif,248504.0,44.131416,epsg_4326__463_31__MODIS_006_MOD16A2__ET__2014_11_17.tif,2014_11_17,2014-11-17,463.31,11266500
11266500/epsg_4326__463_31__MODIS_006_MOD16A2__ET__2014_11_25.tif,246410.0,41.233265,epsg_4326__463_31__MODIS_006_MOD16A2__ET__2014_11_25.tif,2014_11_25,2014-11-25,463.31,11266500
11266500/epsg_4326__463_31__MODIS_006_MOD16A2__ET__2014_12_03.tif,98857.0,55.227375,epsg_4326__463_31__MODIS_006_MOD16A2__ET__2014_12_03.tif,2014_12_03,2014-12-03,463.31,11266500
11266500/epsg_4326__463_31__MODIS_006_MOD16A2__ET__2014_12_11.tif,137930.0,65.86915,epsg_4326__463_31__MODIS_006_MOD16A2__ET__2014_12_11.tif,2014_12_11,2014-12-11,463.31,11266500
11266500/epsg_4326__463_31__MODIS_006_MOD16A2__ET__2014_12_19.tif,260270.0,62.80647,epsg_4326__463_31__MODIS_006_MOD16A2__ET__2014_12_19.tif,2014_12_19,2014-12-19,463.31,11266500
11266500/epsg_4326__463_31__MODIS_006_MOD16A2__ET__2014_12_27.tif,180339.0,37.492516,epsg_4326__463_31__MODIS_006_MOD16A2__ET__2014_12_27.tif,2014_12_27,2014-12-27,463.31,11266500
11266500/epsg_4326__463_31__MODIS_006_MOD16A2__ET__2015_01_01.tif,305650.0,61.437187,epsg_4326__463_31__MODIS_006_MOD16A2__ET__2015_01_01.tif,2015_01_01,2015-01-01,463.31,11266500
11266500/epsg_4326__463_31__MODIS_006_MOD16A2__ET__2015_01_09.tif,235805.0,56.765766,epsg_4326__463_31__MODIS_006_MOD16A2__ET__2015_01_09.tif,2015_01_09,2015-01-09,463.31,11266500
11266500/epsg_4326__463_31__MODIS_006_MOD16A2__ET__2015_01_17.tif,247884.0,49.36945,epsg_4326__463_31__MODIS_006_MOD16A2__ET__2015_01_17.tif,2015_01_17,2015-01-17,463.31,11266500
11266500/epsg_4326__463_31__MODIS_006_MOD16A2__ET__2015_01_25.tif,247841.0,62.90381,epsg_4326__463_31__MODIS_006_MOD16A2__ET__2015_01_25.tif,2015_01_25,2015-01-25,463.31,11266500
11266500/epsg_4326__463_31__MODIS_006_MOD16A2__ET__2015_02_02.tif,246587.0,59.967655,epsg_4326__463_31__MODIS_006_MOD16A2__ET__2015_02_02.tif,2015_02_02,2015-02-02,463.31,11266500
11266500/epsg_4326__463_31__MODIS_006_MOD16A2__ET__2015_02_10.tif,254954.0,51.66241,epsg_4326__463_31__MODIS_006_MOD16A2__ET__2015_02_10.tif,2015_02_10,2015-02-10,463.31,11266500
11266500/epsg_4326__463_31__MODIS_006_MOD16A2__ET__2015_02_18.tif,334120.0,63.65403,epsg_4326__463_31__MODIS_006_MOD16A2__ET__2015_02_18.tif,2015_02_18,2015-02-18,463.31,11266500
11266500/epsg_4326__463_31__MODIS_006_MOD16A2__ET__2015_02_26.tif,337830.0,87.06959,epsg_4326__463_31__MODIS_006_MOD16A2__ET__2015_02_26.tif,2015_02_26,2015-02-26,463.31,11266500
11266500/epsg_4326__463_31__MODIS_006_MOD16A2__ET__2015_03_06.tif,290531.0,54.53933,epsg_4326__463_31__MODIS_006_MOD16A2__ET__2015_03_06.tif,2015_03_06,2015-03-06,463.31,11266500
11266500/epsg_4326__463_31__MODIS_006_MOD16A2__ET__2015_03_14.tif,383672.0,72.610146,epsg_4326__463_31__MODIS_006_MOD16A2__ET__2015_03_14.tif,2015_03_14,2015-03-14,463.31,11266500
11266500/epsg_4326__463_31__MODIS_006_MOD16A2__ET__2015_03_22.tif,598821.0,90.42902,epsg_4326__463_31__MODIS_006_MOD16A2__ET__2015_03_22.tif,2015_03_22,2015-03-22,463.31,11266500
11266500/epsg_4326__463_31__MODIS_006_MOD16A2__ET__2015_03_30.tif,474599.0,70.62485,epsg_4326__463_31__MODIS_006_MOD16A2__ET__2015_03_30.tif,2015_03_30,2015-03-30,463.31,11266500
11266500/epsg_4326__463_31__MODIS_006_MOD16A2__ET__2015_04_07.tif,436474.0,75.31907,epsg_4326__463_31__MODIS_006_MOD16A2__ET__2015_04_07.tif,2015_04_07,2015-04-07,463.31,11266500
11266500/epsg_4326__463_31__MODIS_006_MOD16A2__ET__2015_04_15.tif,440832.0,63.265213,epsg_4326__463_31__MODIS_006_MOD16A2__ET__2015_04_15.tif,2015_04_15,2015-04-15,463.31,11266500
11266500/epsg_4326__463_31__MODIS_006_MOD16A2__ET__2015_04_23.tif,717874.0,106.24152,epsg_4326__463_31__MODIS_006_MOD16A2__ET__2015_04_23.tif,2015_04_23,2015-04-23,463.31,11266500
11266500/epsg_4326__463_31__MODIS_006_MOD16A2__ET__2015_05_01.tif,687133.0,89.37734,epsg_4326__463_31__MODIS_006_MOD16A2__ET__2015_05_01.tif,2015_05_01,2015-05-01,463.31,11266500
11266500/epsg_4326__463_31__MODIS_006_MOD16A2__ET__2015_05_09.tif,532305.0,129.86217,epsg_4326__463_31__MODIS_006_MOD16A2__ET__2015_05_09.tif,2015_05_09,2015-05-09,463.31,11266500
11266500/epsg_4326__463_31__MODIS_006_MOD16A2__ET__2015_05_17.tif,489510.0,166.78365,epsg_4326__463_31__MODIS_006_MOD16A2__ET__2015_05_17.tif,2015_05_17,2015-05-17,463.31,11266500
11266500/epsg_4326__463_31__MODIS_006_MOD16A2__ET__2015_05_25.tif,732507.0,96.36982,epsg_4326__463_31__MODIS_006_MOD16A2__ET__2015_05_25.tif,2015_05_25,2015-05-25,463.31,11266500
11266500/epsg_4326__463_31__MODIS_006_MOD16A2__ET__2015_06_02.tif,794960.0,100.43714,epsg_4326__463_31__MODIS_006_MOD16A2__ET__2015_06_02.tif,2015_06_02,2015-06-02,463.31,11266500
11266500/epsg_4326__463_31__MODIS_006_MOD16A2__ET__2015_06_10.tif,755838.0,93.98632,epsg_4326__463_31__MODIS_006_MOD16A2__ET__2015_06_10.tif,2015_06_10,2015-06-10,463.31,11266500
11266500/epsg_4326__463_31__MODIS_006_MOD16A2__ET__2015_06_18.tif,542837.0,67.693855,epsg_4326__463_31__MODIS_006_MOD16A2__ET__2015_06_18.tif,2015_06_18,2015-06-18,463.31,11266500
11266500/epsg_4326__463_31__MODIS_006_MOD16A2__ET__2015_06_26.tif,460015.0,63.310623,epsg_4326__463_31__MODIS_006_MOD16A2__ET__2015_06_26.tif,2015_06_26,2015-06-26,463.31,11266500
11266500/epsg_4326__463_31__MODIS_006_MOD16A2__ET__2015_07_04.tif,795725.0,107.31288,epsg_4326__463_31__MODIS_006_MOD16A2__ET__2015_07_04.tif,2015_07_04,2015-07-04,463.31,11266500
11266500/epsg_4326__463_31__MODIS_006_MOD16A2__ET__2015_07_12.tif,698681.0,85.928055,epsg_4326__463_31__MODIS_006_MOD16A2__ET__2015_07_12.tif,2015_07_12,2015-07-12,463.31,11266500
11266500/epsg_4326__463_31__MODIS_006_MOD16A2__ET__2015_07_20.tif,653919.0,81.07104,epsg_4326__463_31__MODIS_006_MOD16A2__ET__2015_07_20.tif,2015_07_20,2015-07-20,463.31,11266500
11266500/epsg_4326__463_31__MODIS_006_MOD16A2__ET__2015_07_28.tif,565607.0,69.44224,epsg_4326__463_31__MODIS_006_MOD16A2__ET__2015_07_28.tif,2015_07_28,2015-07-28,463.31,11266500
11266500/epsg_4326__463_31__MODIS_006_MOD16A2__ET__2015_08_05.tif,559664.0,68.58627,epsg_4326__463_31__MODIS_006_MOD16A2__ET__2015_08_05.tif,2015_08_05,2015-08-05,463.31,11266500
11266500/epsg_4326__463_31__MODIS_006_MOD16A2__ET__2015_08_13.tif,452763.0,55.000366,epsg_4326__463_31__MODIS_006_MOD16A2__ET__2015_08_13.tif,2015_08_13,2015-08-13,463.31,11266500
11266500/epsg_4326__463_31__MODIS_006_MOD16A2__ET__2015_08_21.tif,462211.0,56.95761,epsg_4326__463_31__MODIS_006_MOD16A2__ET__2015_08_21.tif,2015_08_21,2015-08-21,463.31,11266500
11266500/epsg_4326__463_31__MODIS_006_MOD16A2__ET__2015_08_29.tif,523141.0,63.52653,epsg_4326__463_31__MODIS_006_MOD16A2__ET__2015_08_29.tif,2015_08_29,2015-08-29,463.31,11266500
11266500/epsg_4326__463_31__MODIS_006_MOD16A2__ET__2015_09_06.tif,352250.0,44.27476,epsg_4326__463_31__MODIS_006_MOD16A2__ET__2015_09_06.tif,2015_09_06,2015-09-06,463.31,11266500
11266500/epsg_4326__463_31__MODIS_006_MOD16A2__ET__2015_09_14.tif,595169.0,74.0905,epsg_4326__463_31__MODIS_006_MOD16A2__ET__2015_09_14.tif,2015_09_14,2015-09-14,463.31,11266500
11266500/epsg_4326__463_31__MODIS_006_MOD16A2__ET__2015_09_22.tif,315023.0,38.58212,epsg_4326__463_31__MODIS_006_MOD16A2__ET__2015_09_22.tif,2015_09_22,2015-09-22,463.31,11266500
11266500/epsg_4326__463_31__MODIS_006_MOD16A2__ET__2015_09_30.tif,593225.0,76.161896,epsg_4326__463_31__MODIS_006_MOD16A2__ET__2015_09_30.tif,2015_09_30,2015-09-30,463.31,11266500
11266500/epsg_4326__463_31__MODIS_006_MOD16A2__ET__2015_10_08.tif,384894.0,48.67147,epsg_4326__463_31__MODIS_006_MOD16A2__ET__2015_10_08.tif,2015_10_08,2015-10-08,463.31,11266500
11266500/epsg_4326__463_31__MODIS_006_MOD16A2__ET__2015_10_16.tif,513876.0,77.91903,epsg_4326__463_31__MODIS_006_MOD16A2__ET__2015_10_16.tif,2015_10_16,2015-10-16,463.31,11266500
11266500/epsg_4326__463_31__MODIS_006_MOD16A2__ET__2015_10_24.tif,258539.0,42.279476,epsg_4326__463_31__MODIS_006_MOD16A2__ET__2015_10_24.tif,2015_10_24,2015-10-24,463.31,11266500
11266500/epsg_4326__463_31__MODIS_006_MOD16A2__ET__2015_11_01.tif,415282.0,61.02601,epsg_4326__463_31__MODIS_006_MOD16A2__ET__2015_11_01.tif,2015_11_01,2015-11-01,463.31,11266500
11266500/epsg_4326__463_31__MODIS_006_MOD16A2__ET__2015_11_09.tif,186809.0,50.61203,epsg_4326__463_31__MODIS_006_MOD16A2__ET__2015_11_09.tif,2015_11_09,2015-11-09,463.31,11266500
11266500/epsg_4326__463_31__MODIS_006_MOD16A2__ET__2015_11_17.tif,246883.0,65.95859,epsg_4326__463_31__MODIS_006_MOD16A2__ET__2015_11_17.tif,2015_11_17,2015-11-17,463.31,11266500
11266500/epsg_4326__463_31__MODIS_006_MOD16A2__ET__2015_11_25.tif,206665.0,60.62335,epsg_4326__463_31__MODIS_006_MOD16A2__ET__2015_11_25.tif,2015_11_25,2015-11-25,463.31,11266500
11266500/epsg_4326__463_31__MODIS_006_MOD16A2__ET__2015_12_03.tif,250253.0,58.896915,epsg_4326__463_31__MODIS_006_MOD16A2__ET__2015_12_03.tif,2015_12_03,2015-12-03,463.31,11266500
11266500/epsg_4326__463_31__MODIS_006_MOD16A2__ET__2015_12_11.tif,169326.0,66.76893,epsg_4326__463_31__MODIS_006_MOD16A2__ET__2015_12_11.tif,2015_12_11,2015-12-11,463.31,11266500
11266500/epsg_4326__463_31__MODIS_006_MOD16A2__ET__2015_12_19.tif,64676.0,39.53301,epsg_4326__463_31__MODIS_006_MOD16A2__ET__2015_12_19.tif,2015_12_19,2015-12-19,463.31,11266500
11266500/epsg_4326__463_31__MODIS_006_MOD16A2__ET__2015_12_27.tif,133784.0,41.012875,epsg_4326__463_31__MODIS_006_MOD16A2__ET__2015_12_27.tif,2015_12_27,2015-12-27,463.31,11266500
11266500/epsg_4326__463_31__MODIS_006_MOD16A2__ET__2016_01_01.tif,83908.0,59.50922,epsg_4326__463_31__MODIS_006_MOD16A2__ET__2016_01_01.tif,2016_01_01,2016-01-01,463.31,11266500
11266500/epsg_4326__463_31__MODIS_006_MOD16A2__ET__2016_01_09.tif,141452.0,78.49722,epsg_4326__463_31__MODIS_006_MOD16A2__ET__2016_01_09.tif,2016_01_09,2016-01-09,463.31,11266500
11266500/epsg_4326__463_31__MODIS_006_MOD16A2__ET__2016_01_17.tif,74315.0,74.166664,epsg_4326__463_31__MODIS_006_MOD16A2__ET__2016_01_17.tif,2016_01_17,2016-01-17,463.31,11266500
11266500/epsg_4326__463_31__MODIS_006_MOD16A2__ET__2016_01_25.tif,100609.0,58.391758,epsg_4326__463_31__MODIS_006_MOD16A2__ET__2016_01_25.tif,2016_01_25,2016-01-25,463.31,11266500
11266500/epsg_4326__463_31__MODIS_006_MOD16A2__ET__2016_02_02.tif,288213.0,86.16233,epsg_4326__463_31__MODIS_006_MOD16A2__ET__2016_02_02.tif,2016_02_02,2016-02-02,463.31,11266500
11266500/epsg_4326__463_31__MODIS_006_MOD16A2__ET__2016_02_10.tif,103970.0,37.71128,epsg_4326__463_31__MODIS_006_MOD16A2__ET__2016_02_10.tif,2016_02_10,2016-02-10,463.31,11266500
11266500/epsg_4326__463_31__MODIS_006_MOD16A2__ET__2016_02_18.tif,224111.0,81.287994,epsg_4326__463_31__MODIS_006_MOD16A2__ET__2016_02_18.tif,2016_02_18,2016-02-18,463.31,11266500
11266500/epsg_4326__463_31__MODIS_006_MOD16A2__ET__2016_02_26.tif,196764.0,86.413704,epsg_4326__463_31__MODIS_006_MOD16A2__ET__2016_02_26.tif,2016_02_26,2016-02-26,463.31,11266500
11266500/epsg_4326__463_31__MODIS_006_MOD16A2__ET__2016_03_05.tif,84793.0,116.63411,epsg_4326__463_31__MODIS_006_MOD16A2__ET__2016_03_05.tif,2016_03_05,2016-03-05,463.31,11266500
11266500/epsg_4326__463_31__MODIS_006_MOD16A2__ET__2016_03_13.tif,170649.0,105.730484,epsg_4326__463_31__MODIS_006_MOD16A2__ET__2016_03_13.tif,2016_03_13,2016-03-13,463.31,11266500
11266500/epsg_4326__463_31__MODIS_006_MOD16A2__ET__2016_03_21.tif,355978.0,133.37505,epsg_4326__463_31__MODIS_006_MOD16A2__ET__2016_03_21.tif,2016_03_21,2016-03-21,463.31,11266500
11266500/epsg_4326__463_31__MODIS_006_MOD16A2__ET__2016_03_29.tif,366378.0,122.94564,epsg_4326__463_31__MODIS_006_MOD16A2__ET__2016_03_29.tif,2016_03_29,2016-03-29,463.31,11266500
11266500/epsg_4326__463_31__MODIS_006_MOD16A2__ET__2016_04_06.tif,233653.0,137.03989,epsg_4326__463_31__MODIS_006_MOD16A2__ET__2016_04_06.tif,2016_04_06,2016-04-06,463.31,11266500
11266500/epsg_4326__463_31__MODIS_006_MOD16A2__ET__2016_04_14.tif,274867.0,78.57833,epsg_4326__463_31__MODIS_006_MOD16A2__ET__2016_04_14.tif,2016_04_14,2016-04-14,463.31,11266500
11266500/epsg_4326__463_31__MODIS_006_MOD16A2__ET__2016_04_22.tif,183636.0,147.4988,epsg_4326__463_31__MODIS_006_MOD16A2__ET__2016_04_22.tif,2016_04_22,2016-04-22,463.31,11266500
11266500/epsg_4326__463_31__MODIS_006_MOD16A2__ET__2016_04_30.tif,425058.0,135.7579,epsg_4326__463_31__MODIS_006_MOD16A2__ET__2016_04_30.tif,2016_04_30,2016-04-30,463.31,11266500
11266500/epsg_4326__463_31__MODIS_006_MOD16A2__ET__2016_05_08.tif,644836.0,131.09087,epsg_4326__463_31__MODIS_006_MOD16A2__ET__2016_05_08.tif,2016_05_08,2016-05-08,463.31,11266500
11266500/epsg_4326__463_31__MODIS_006_MOD16A2__ET__2016_05_16.tif,660926.0,139.11302,epsg_4326__463_31__MODIS_006_MOD16A2__ET__2016_05_16.tif,2016_05_16,2016-05-16,463.31,11266500
11266500/epsg_4326__463_31__MODIS_006_MOD16A2__ET__2016_05_24.tif,737261.0,145.61742,epsg_4326__463_31__MODIS_006_MOD16A2__ET__2016_05_24.tif,2016_05_24,2016-05-24,463.31,11266500
11266500/epsg_4326__463_31__MODIS_006_MOD16A2__ET__2016_06_01.tif,492346.0,70.57712,epsg_4326__463_31__MODIS_006_MOD16A2__ET__2016_06_01.tif,2016_06_01,2016-06-01,463.31,11266500
11266500/epsg_4326__463_31__MODIS_006_MOD16A2__ET__2016_06_09.tif,688987.0,100.86181,epsg_4326__463_31__MODIS_006_MOD16A2__ET__2016_06_09.tif,2016_06_09,2016-06-09,463.31,11266500
11266500/epsg_4326__463_31__MODIS_006_MOD16A2__ET__2016_06_17.tif,648219.0,82.56515,epsg_4326__463_31__MODIS_006_MOD16A2__ET__2016_06_17.tif,2016_06_17,2016-06-17,463.31,11266500
11266500/epsg_4326__463_31__MODIS_006_MOD16A2__ET__2016_06_25.tif,535427.0,66.60368,epsg_4326__463_31__MODIS_006_MOD16A2__ET__2016_06_25.tif,2016_06_25,2016-06-25,463.31,11266500
11266500/epsg_4326__463_31__MODIS_006_MOD16A2__ET__2016_07_03.tif,604753.0,74.030235,epsg_4326__463_31__MODIS_006_MOD16A2__ET__2016_07_03.tif,2016_07_03,2016-07-03,463.31,11266500
11266500/epsg_4326__463_31__MODIS_006_MOD16A2__ET__2016_07_11.tif,544394.0,66.27636,epsg_4326__463_31__MODIS_006_MOD16A2__ET__2016_07_11.tif,2016_07_11,2016-07-11,463.31,11266500
11266500/epsg_4326__463_31__MODIS_006_MOD16A2__ET__2016_07_19.tif,487426.0,59.196747,epsg_4326__463_31__MODIS_006_MOD16A2__ET__2016_07_19.tif,2016_07_19,2016-07-19,463.31,11266500
11266500/epsg_4326__463_31__MODIS_006_MOD16A2__ET__2016_07_27.tif,424606.0,51.342926,epsg_4326__463_31__MODIS_006_MOD16A2__ET__2016_07_27.tif,2016_07_27,2016-07-27,463.31,11266500
11266500/epsg_4326__463_31__MODIS_006_MOD16A2__ET__2016_08_04.tif,502526.0,60.81641,epsg_4326__463_31__MODIS_006_MOD16A2__ET__2016_08_04.tif,2016_08_04,2016-08-04,463.31,11266500
11266500/epsg_4326__463_31__MODIS_006_MOD16A2__ET__2016_08_12.tif,389607.0,47.15079,epsg_4326__463_31__MODIS_006_MOD16A2__ET__2016_08_12.tif,2016_08_12,2016-08-12,463.31,11266500
11266500/epsg_4326__463_31__MODIS_006_MOD16A2__ET__2016_08_20.tif,430245.0,52.16988,epsg_4326__463_31__MODIS_006_MOD16A2__ET__2016_08_20.tif,2016_08_20,2016-08-20,463.31,11266500
11266500/epsg_4326__463_31__MODIS_006_MOD16A2__ET__2016_08_28.tif,466734.0,56.443825,epsg_4326__463_31__MODIS_006_MOD16A2__ET__2016_08_28.tif,2016_08_28,2016-08-28,463.31,11266500
11266500/epsg_4326__463_31__MODIS_006_MOD16A2__ET__2016_09_05.tif,396074.0,47.835026,epsg_4326__463_31__MODIS_006_MOD16A2__ET__2016_09_05.tif,2016_09_05,2016-09-05,463.31,11266500
11266500/epsg_4326__463_31__MODIS_006_MOD16A2__ET__2016_09_13.tif,402031.0,49.529507,epsg_4326__463_31__MODIS_006_MOD16A2__ET__2016_09_13.tif,2016_09_13,2016-09-13,463.31,11266500
11266500/epsg_4326__463_31__MODIS_006_MOD16A2__ET__2016_09_21.tif,405397.0,50.23507,epsg_4326__463_31__MODIS_006_MOD16A2__ET__2016_09_21.tif,2016_09_21,2016-09-21,463.31,11266500
11266500/epsg_4326__463_31__MODIS_006_MOD16A2__ET__2016_09_29.tif,401110.0,49.089462,epsg_4326__463_31__MODIS_006_MOD16A2__ET__2016_09_29.tif,2016_09_29,2016-09-29,463.31,11266500
11266500/epsg_4326__463_31__MODIS_006_MOD16A2__ET__2016_10_07.tif,243559.0,32.379555,epsg_4326__463_31__MODIS_006_MOD16A2__ET__2016_10_07.tif,2016_10_07,2016-10-07,463.31,11266500
11266500/epsg_4326__463_31__MODIS_006_MOD16A2__ET__2016_10_15.tif,449847.0,68.584694,epsg_4326__463_31__MODIS_006_MOD16A2__ET__2016_10_15.tif,2016_10_15,2016-10-15,463.31,11266500
11266500/epsg_4326__463_31__MODIS_006_MOD16A2__ET__2016_10_23.tif,460153.0,78.41735,epsg_4326__463_31__MODIS_006_MOD16A2__ET__2016_10_23.tif,2016_10_23,2016-10-23,463.31,11266500
11266500/epsg_4326__463_31__MODIS_006_MOD16A2__ET__2016_10_31.tif,326013.0,58.092125,epsg_4326__463_31__MODIS_006_MOD16A2__ET__2016_10_31.tif,2016_10_31,2016-10-31,463.31,11266500
11266500/epsg_4326__463_31__MODIS_006_MOD16A2__ET__2016_11_08.tif,301593.0,44.839874,epsg_4326__463_31__MODIS_006_MOD16A2__ET__2016_11_08.tif,2016_11_08,2016-11-08,463.31,11266500
11266500/epsg_4326__463_31__MODIS_006_MOD16A2__ET__2016_11_16.tif,312207.0,58.862556,epsg_4326__463_31__MODIS_006_MOD16A2__ET__2016_11_16.tif,2016_11_16,2016-11-16,463.31,11266500
11266500/epsg_4326__463_31__MODIS_006_MOD16A2__ET__2016_11_24.tif,222212.0,62.24426,epsg_4326__463_31__MODIS_006_MOD16A2__ET__2016_11_24.tif,2016_11_24,2016-11-24,463.31,11266500
11266500/epsg_4326__463_31__MODIS_006_MOD16A2__ET__2016_12_02.tif,249387.0,62.675797,epsg_4326__463_31__MODIS_006_MOD16A2__ET__2016_12_02.tif,2016_12_02,2016-12-02,463.31,11266500
11266500/epsg_4326__463_31__MODIS_006_MOD16A2__ET__2016_12_10.tif,125162.0,58.596443,epsg_4326__463_31__MODIS_006_MOD16A2__ET__2016_12_10.tif,2016_12_10,2016-12-10,463.31,11266500
11266500/epsg_4326__463_31__MODIS_006_MOD16A2__ET__2016_12_18.tif,183005.0,44.41869,epsg_4326__463_31__MODIS_006_MOD16A2__ET__2016_12_18.tif,2016_12_18,2016-12-18,463.31,11266500
11266500/epsg_4326__463_31__MODIS_006_MOD16A2__ET__2016_12_26.tif,177591.0,46.59958,epsg_4326__463_31__MODIS_006_MOD16A2__ET__2016_12_26.tif,2016_12_26,2016-12-26,463.31,11266500
11266500/epsg_4326__463_31__MODIS_006_MOD16A2__ET__2017_01_01.tif,99996.0,45.76476,epsg_4326__463_31__MODIS_006_MOD16A2__ET__2017_01_01.tif,2017_01_01,2017-01-01,463.31,11266500
11266500/epsg_4326__463_31__MODIS_006_MOD16A2__ET__2017_01_09.tif,148171.0,49.456276,epsg_4326__463_31__MODIS_006_MOD16A2__ET__2017_01_09.tif,2017_01_09,2017-01-09,463.31,11266500
11266500/epsg_4326__463_31__MODIS_006_MOD16A2__ET__2017_01_17.tif,60803.0,51.052055,epsg_4326__463_31__MODIS_006_MOD16A2__ET__2017_01_17.tif,2017_01_17,2017-01-17,463.31,11266500
11266500/epsg_4326__463_31__MODIS_006_MOD16A2__ET__2017_01_25.tif,148666.0,52.98147,epsg_4326__463_31__MODIS_006_MOD16A2__ET__2017_01_25.tif,2017_01_25,2017-01-25,463.31,11266500
11266500/epsg_4326__463_31__MODIS_006_MOD16A2__ET__2017_02_02.tif,10680.0,72.65306,epsg_4326__463_31__MODIS_006_MOD16A2__ET__2017_02_02.tif,2017_02_02,2017-02-02,463.31,11266500
11266500/epsg_4326__463_31__MODIS_006_MOD16A2__ET__2017_02_10.tif,125099.0,75.77165,epsg_4326__463_31__MODIS_006_MOD16A2__ET__2017_02_10.tif,2017_02_10,2017-02-10,463.31,11266500
11266500/epsg_4326__463_31__MODIS_006_MOD16A2__ET__2017_02_18.tif,91628.0,76.10299,epsg_4326__463_31__MODIS_006_MOD16A2__ET__2017_02_18.tif,2017_02_18,2017-02-18,463.31,11266500
11266500/epsg_4326__463_31__MODIS_006_MOD16A2__ET__2017_02_26.tif,114352.0,93.57774,epsg_4326__463_31__MODIS_006_MOD16A2__ET__2017_02_26.tif,2017_02_26,2017-02-26,463.31,11266500
11266500/epsg_4326__463_31__MODIS_006_MOD16A2__ET__2017_03_06.tif,158571.0,90.45693,epsg_4326__463_31__MODIS_006_MOD16A2__ET__2017_03_06.tif,2017_03_06,2017-03-06,463.31,11266500
11266500/epsg_4326__463_31__MODIS_006_MOD16A2__ET__2017_03_14.tif,195573.0,128.49738,epsg_4326__463_31__MODIS_006_MOD16A2__ET__2017_03_14.tif,2017_03_14,2017-03-14,463.31,11266500
11266500/epsg_4326__463_31__MODIS_006_MOD16A2__ET__2017_03_22.tif,232581.0,138.85432,epsg_4326__463_31__MODIS_006_MOD16A2__ET__2017_03_22.tif,2017_03_22,2017-03-22,463.31,11266500
11266500/epsg_4326__463_31__MODIS_006_MOD16A2__ET__2017_03_30.tif,198528.0,136.35165,epsg_4326__463_31__MODIS_006_MOD16A2__ET__2017_03_30.tif,2017_03_30,2017-03-30,463.31,11266500
11266500/epsg_4326__463_31__MODIS_006_MOD16A2__ET__2017_04_07.tif,131665.0,149.28004,epsg_4326__463_31__MODIS_006_MOD16A2__ET__2017_04_07.tif,2017_04_07,2017-04-07,463.31,11266500
11266500/epsg_4326__463_31__MODIS_006_MOD16A2__ET__2017_04_15.tif,161581.0,143.5,epsg_4326__463_31__MODIS_006_MOD16A2__ET__2017_04_15.tif,2017_04_15,2017-04-15,463.31,11266500
11266500/epsg_4326__463_31__MODIS_006_MOD16A2__ET__2017_04_23.tif,465640.0,158.8131,epsg_4326__463_31__MODIS_006_MOD16A2__ET__2017_04_23.tif,2017_04_23,2017-04-23,463.31,11266500
11266500/epsg_4326__463_31__MODIS_006_MOD16A2__ET__2017_05_01.tif,366297.0,146.87129,epsg_4326__463_31__MODIS_006_MOD16A2__ET__2017_05_01.tif,2017_05_01,2017-05-01,463.31,11266500
11266500/epsg_4326__463_31__MODIS_006_MOD16A2__ET__2017_05_09.tif,432210.0,177.28056,epsg_4326__463_31__MODIS_006_MOD16A2__ET__2017_05_09.tif,2017_05_09,2017-05-09,463.31,11266500
11266500/epsg_4326__463_31__MODIS_006_MOD16A2__ET__2017_05_17.tif,378092.0,108.14989,epsg_4326__463_31__MODIS_006_MOD16A2__ET__2017_05_17.tif,2017_05_17,2017-05-17,463.31,11266500
11266500/epsg_4326__463_31__MODIS_006_MOD16A2__ET__2017_05_25.tif,475983.0,122.10954,epsg_4326__463_31__MODIS_006_MOD16A2__ET__2017_05_25.tif,2017_05_25,2017-05-25,463.31,11266500
11266500/epsg_4326__463_31__MODIS_006_MOD16A2__ET__2017_06_02.tif,527323.0,102.81205,epsg_4326__463_31__MODIS_006_MOD16A2__ET__2017_06_02.tif,2017_06_02,2017-06-02,463.31,11266500
11266500/epsg_4326__463_31__MODIS_006_MOD16A2__ET__2017_06_10.tif,685650.0,114.67637,epsg_4326__463_31__MODIS_006_MOD16A2__ET__2017_06_10.tif,2017_06_10,2017-06-10,463.31,11266500
11266500/epsg_4326__463_31__MODIS_006_MOD16A2__ET__2017_06_18.tif,514463.0,75.03836,epsg_4326__463_31__MODIS_006_MOD16A2__ET__2017_06_18.tif,2017_06_18,2017-06-18,463.31,11266500
11266500/epsg_4326__463_31__MODIS_006_MOD16A2__ET__2017_06_26.tif,511225.0,69.31864,epsg_4326__463_31__MODIS_006_MOD16A2__ET__2017_06_26.tif,2017_06_26,2017-06-26,463.31,11266500
11266500/epsg_4326__463_31__MODIS_006_MOD16A2__ET__2017_07_04.tif,492995.0,64.8507,epsg_4326__463_31__MODIS_006_MOD16A2__ET__2017_07_04.tif,2017_07_04,2017-07-04,463.31,11266500
11266500/epsg_4326__463_31__MODIS_006_MOD16A2__ET__2017_07_12.tif,488458.0,61.869286,epsg_4326__463_31__MODIS_006_MOD16A2__ET__2017_07_12.tif,2017_07_12,2017-07-12,463.31,11266500
11266500/epsg_4326__463_31__MODIS_006_MOD16A2__ET__2017_07_20.tif,574774.0,71.783936,epsg_4326__463_31__MODIS_006_MOD16A2__ET__2017_07_20.tif,2017_07_20,2017-07-20,463.31,11266500
11266500/epsg_4326__463_31__MODIS_006_MOD16A2__ET__2017_07_28.tif,434637.0,53.898438,epsg_4326__463_31__MODIS_006_MOD16A2__ET__2017_07_28.tif,2017_07_28,2017-07-28,463.31,11266500
11266500/epsg_4326__463_31__MODIS_006_MOD16A2__ET__2017_08_05.tif,607553.0,74.50981,epsg_4326__463_31__MODIS_006_MOD16A2__ET__2017_08_05.tif,2017_08_05,2017-08-05,463.31,11266500
11266500/epsg_4326__463_31__MODIS_006_MOD16A2__ET__2017_08_13.tif,585492.0,72.61466,epsg_4326__463_31__MODIS_006_MOD16A2__ET__2017_08_13.tif,2017_08_13,2017-08-13,463.31,11266500
11266500/epsg_4326__463_31__MODIS_006_MOD16A2__ET__2017_08_21.tif,453903.0,56.183067,epsg_4326__463_31__MODIS_006_MOD16A2__ET__2017_08_21.tif,2017_08_21,2017-08-21,463.31,11266500
11266500/epsg_4326__463_31__MODIS_006_MOD16A2__ET__2017_08_29.tif,357522.0,43.64815,epsg_4326__463_31__MODIS_006_MOD16A2__ET__2017_08_29.tif,2017_08_29,2017-08-29,463.31,11266500
11266500/epsg_4326__463_31__MODIS_006_MOD16A2__ET__2017_09_06.tif,647598.0,79.05249,epsg_4326__463_31__MODIS_006_MOD16A2__ET__2017_09_06.tif,2017_09_06,2017-09-06,463.31,11266500
11266500/epsg_4326__463_31__MODIS_006_MOD16A2__ET__2017_09_14.tif,627496.0,78.811356,epsg_4326__463_31__MODIS_006_MOD16A2__ET__2017_09_14.tif,2017_09_14,2017-09-14,463.31,11266500
11266500/epsg_4326__463_31__MODIS_006_MOD16A2__ET__2017_09_22.tif,376213.0,50.586662,epsg_4326__463_31__MODIS_006_MOD16A2__ET__2017_09_22.tif,2017_09_22,2017-09-22,463.31,11266500
11266500/epsg_4326__463_31__MODIS_006_MOD16A2__ET__2017_09_30.tif,310978.0,38.091377,epsg_4326__463_31__MODIS_006_MOD16A2__ET__2017_09_30.tif,2017_09_30,2017-09-30,463.31,11266500
11266500/epsg_4326__463_31__MODIS_006_MOD16A2__ET__2017_10_08.tif,229493.0,28.49429,epsg_4326__463_31__MODIS_006_MOD16A2__ET__2017_10_08.tif,2017_10_08,2017-10-08,463.31,11266500
11266500/epsg_4326__463_31__MODIS_006_MOD16A2__ET__2017_10_16.tif,282264.0,35.870377,epsg_4326__463_31__MODIS_006_MOD16A2__ET__2017_10_16.tif,2017_10_16,2017-10-16,463.31,11266500
11266500/epsg_4326__463_31__MODIS_006_MOD16A2__ET__2017_10_24.tif,247498.0,30.12024,epsg_4326__463_31__MODIS_006_MOD16A2__ET__2017_10_24.tif,2017_10_24,2017-10-24,463.31,11266500
11266500/epsg_4326__463_31__MODIS_006_MOD16A2__ET__2017_11_01.tif,424115.0,60.901062,epsg_4326__463_31__MODIS_006_MOD16A2__ET__2017_11_01.tif,2017_11_01,2017-11-01,463.31,11266500
11266500/epsg_4326__463_31__MODIS_006_MOD16A2__ET__2017_11_09.tif,353786.0,56.66923,epsg_4326__463_31__MODIS_006_MOD16A2__ET__2017_11_09.tif,2017_11_09,2017-11-09,463.31,11266500
11266500/epsg_4326__463_31__MODIS_006_MOD16A2__ET__2017_11_17.tif,420396.0,72.56966,epsg_4326__463_31__MODIS_006_MOD16A2__ET__2017_11_17.tif,2017_11_17,2017-11-17,463.31,11266500
11266500/epsg_4326__463_31__MODIS_006_MOD16A2__ET__2017_11_25.tif,184202.0,61.56484,epsg_4326__463_31__MODIS_006_MOD16A2__ET__2017_11_25.tif,2017_11_25,2017-11-25,463.31,11266500
11266500/epsg_4326__463_31__MODIS_006_MOD16A2__ET__2017_12_03.tif,189650.0,44.18686,epsg_4326__463_31__MODIS_006_MOD16A2__ET__2017_12_03.tif,2017_12_03,2017-12-03,463.31,11266500
11266500/epsg_4326__463_31__MODIS_006_MOD16A2__ET__2017_12_11.tif,144905.0,31.487396,epsg_4326__463_31__MODIS_006_MOD16A2__ET__2017_12_11.tif,2017_12_11,2017-12-11,463.31,11266500
11266500/epsg_4326__463_31__MODIS_006_MOD16A2__ET__2017_12_19.tif,178355.0,44.52197,epsg_4326__463_31__MODIS_006_MOD16A2__ET__2017_12_19.tif,2017_12_19,2017-12-19,463.31,11266500
11266500/epsg_4326__463_31__MODIS_006_MOD16A2__ET__2017_12_27.tif,51416.0,14.851531,epsg_4326__463_31__MODIS_006_MOD16A2__ET__2017_12_27.tif,2017_12_27,2017-12-27,463.31,11266500
11266500/epsg_4326__463_31__MODIS_006_MOD16A2__ET__2018_01_01.tif,121800.0,55.238094,epsg_4326__463_31__MODIS_006_MOD16A2__ET__2018_01_01.tif,2018_01_01,2018-01-01,463.31,11266500
11266500/epsg_4326__463_31__MODIS_006_MOD16A2__ET__2018_01_09.tif,261100.0,60.24458,epsg_4326__463_31__MODIS_006_MOD16A2__ET__2018_01_09.tif,2018_01_09,2018-01-09,463.31,11266500
11266500/epsg_4326__463_31__MODIS_006_MOD16A2__ET__2018_01_17.tif,283887.0,73.20449,epsg_4326__463_31__MODIS_006_MOD16A2__ET__2018_01_17.tif,2018_01_17,2018-01-17,463.31,11266500
11266500/epsg_4326__463_31__MODIS_006_MOD16A2__ET__2018_01_25.tif,189024.0,49.109898,epsg_4326__463_31__MODIS_006_MOD16A2__ET__2018_01_25.tif,2018_01_25,2018-01-25,463.31,11266500
11266500/epsg_4326__463_31__MODIS_006_MOD16A2__ET__2018_02_02.tif,183534.0,39.016582,epsg_4326__463_31__MODIS_006_MOD16A2__ET__2018_02_02.tif,2018_02_02,2018-02-02,463.31,11266500
11266500/epsg_4326__463_31__MODIS_006_MOD16A2__ET__2018_02_10.tif,239499.0,59.48808,epsg_4326__463_31__MODIS_006_MOD16A2__ET__2018_02_10.tif,2018_02_10,2018-02-10,463.31,11266500
11266500/epsg_4326__463_31__MODIS_006_MOD16A2__ET__2018_02_18.tif,165019.0,79.87367,epsg_4326__463_31__MODIS_006_MOD16A2__ET__2018_02_18.tif,2018_02_18,2018-02-18,463.31,11266500
11266500/epsg_4326__463_31__MODIS_006_MOD16A2__ET__2018_02_26.tif,190974.0,86.53104,epsg_4326__463_31__MODIS_006_MOD16A2__ET__2018_02_26.tif,2018_02_26,2018-02-26,463.31,11266500
11266500/epsg_4326__463_31__MODIS_006_MOD16A2__ET__2018_03_06.tif,231656.0,121.66807,epsg_4326__463_31__MODIS_006_MOD16A2__ET__2018_03_06.tif,2018_03_06,2018-03-06,463.31,11266500
11266500/epsg_4326__463_31__MODIS_006_MOD16A2__ET__2018_03_14.tif,68834.0,100.781845,epsg_4326__463_31__MODIS_006_MOD16A2__ET__2018_03_14.tif,2018_03_14,2018-03-14,463.31,11266500
11266500/epsg_4326__463_31__MODIS_006_MOD16A2__ET__2018_03_22.tif,190832.0,139.29343,epsg_4326__463_31__MODIS_006_MOD16A2__ET__2018_03_22.tif,2018_03_22,2018-03-22,463.31,11266500
11266500/epsg_4326__463_31__MODIS_006_MOD16A2__ET__2018_03_30.tif,276877.0,116.53072,epsg_4326__463_31__MODIS_006_MOD16A2__ET__2018_03_30.tif,2018_03_30,2018-03-30,463.31,11266500
11266500/epsg_4326__463_31__MODIS_006_MOD16A2__ET__2018_04_07.tif,254677.0,108.743385,epsg_4326__463_31__MODIS_006_MOD16A2__ET__2018_04_07.tif,2018_04_07,2018-04-07,463.31,11266500
11266500/epsg_4326__463_31__MODIS_006_MOD16A2__ET__2018_04_15.tif,355305.0,113.95286,epsg_4326__463_31__MODIS_006_MOD16A2__ET__2018_04_15.tif,2018_04_15,2018-04-15,463.31,11266500
11266500/epsg_4326__463_31__MODIS_006_MOD16A2__ET__2018_04_23.tif,506492.0,110.87828,epsg_4326__463_31__MODIS_006_MOD16A2__ET__2018_04_23.tif,2018_04_23,2018-04-23,463.31,11266500
11266500/epsg_4326__463_31__MODIS_006_MOD16A2__ET__2018_05_01.tif,551053.0,99.864624,epsg_4326__463_31__MODIS_006_MOD16A2__ET__2018_05_01.tif,2018_05_01,2018-05-01,463.31,11266500
11266500/epsg_4326__463_31__MODIS_006_MOD16A2__ET__2018_05_09.tif,833300.0,154.7734,epsg_4326__463_31__MODIS_006_MOD16A2__ET__2018_05_09.tif,2018_05_09,2018-05-09,463.31,11266500
11266500/epsg_4326__463_31__MODIS_006_MOD16A2__ET__2018_05_17.tif,882901.0,163.74277,epsg_4326__463_31__MODIS_006_MOD16A2__ET__2018_05_17.tif,2018_05_17,2018-05-17,463.31,11266500
11266500/epsg_4326__463_31__MODIS_006_MOD16A2__ET__2018_05_25.tif,919508.0,135.32126,epsg_4326__463_31__MODIS_006_MOD16A2__ET__2018_05_25.tif,2018_05_25,2018-05-25,463.31,11266500
11266500/epsg_4326__463_31__MODIS_006_MOD16A2__ET__2018_06_02.tif,617871.0,79.17363,epsg_4326__463_31__MODIS_006_MOD16A2__ET__2018_06_02.tif,2018_06_02,2018-06-02,463.31,11266500
11266500/epsg_4326__463_31__MODIS_006_MOD16A2__ET__2018_06_10.tif,656565.0,81.59128,epsg_4326__463_31__MODIS_006_MOD16A2__ET__2018_06_10.tif,2018_06_10,2018-06-10,463.31,11266500
11266500/epsg_4326__463_31__MODIS_006_MOD16A2__ET__2018_06_18.tif,644706.0,79.06622,epsg_4326__463_31__MODIS_006_MOD16A2__ET__2018_06_18.tif,2018_06_18,2018-06-18,463.31,11266500
11266500/epsg_4326__463_31__MODIS_006_MOD16A2__ET__2018_06_26.tif,568692.0,69.361145,epsg_4326__463_31__MODIS_006_MOD16A2__ET__2018_06_26.tif,2018_06_26,2018-06-26,463.31,11266500
11266500/epsg_4326__463_31__MODIS_006_MOD16A2__ET__2018_07_04.tif,579327.0,70.74454,epsg_4326__463_31__MODIS_006_MOD16A2__ET__2018_07_04.tif,2018_07_04,2018-07-04,463.31,11266500
11266500/epsg_4326__463_31__MODIS_006_MOD16A2__ET__2018_07_12.tif,483610.0,59.668106,epsg_4326__463_31__MODIS_006_MOD16A2__ET__2018_07_12.tif,2018_07_12,2018-07-12,463.31,11266500
11266500/epsg_4326__463_31__MODIS_006_MOD16A2__ET__2018_07_20.tif,482476.0,59.6976,epsg_4326__463_31__MODIS_006_MOD16A2__ET__2018_07_20.tif,2018_07_20,2018-07-20,463.31,11266500
11266500/epsg_4326__463_31__MODIS_006_MOD16A2__ET__2018_07_28.tif,307947.0,38.282818,epsg_4326__463_31__MODIS_006_MOD16A2__ET__2018_07_28.tif,2018_07_28,2018-07-28,463.31,11266500
11266500/epsg_4326__463_31__MODIS_006_MOD16A2__ET__2018_08_05.tif,378805.0,45.74387,epsg_4326__463_31__MODIS_006_MOD16A2__ET__2018_08_05.tif,2018_08_05,2018-08-05,463.31,11266500
11266500/epsg_4326__463_31__MODIS_006_MOD16A2__ET__2018_08_13.tif,410794.0,49.702843,epsg_4326__463_31__MODIS_006_MOD16A2__ET__2018_08_13.tif,2018_08_13,2018-08-13,463.31,11266500
11266500/epsg_4326__463_31__MODIS_006_MOD16A2__ET__2018_08_21.tif,454005.0,54.791817,epsg_4326__463_31__MODIS_006_MOD16A2__ET__2018_08_21.tif,2018_08_21,2018-08-21,463.31,11266500
11266500/epsg_4326__463_31__MODIS_006_MOD16A2__ET__2018_08_29.tif,392198.0,49.302074,epsg_4326__463_31__MODIS_006_MOD16A2__ET__2018_08_29.tif,2018_08_29,2018-08-29,463.31,11266500
11266500/epsg_4326__463_31__MODIS_006_MOD16A2__ET__2018_09_06.tif,381511.0,46.299877,epsg_4326__463_31__MODIS_006_MOD16A2__ET__2018_09_06.tif,2018_09_06,2018-09-06,463.31,11266500
11266500/epsg_4326__463_31__MODIS_006_MOD16A2__ET__2018_09_14.tif,339676.0,41.454235,epsg_4326__463_31__MODIS_006_MOD16A2__ET__2018_09_14.tif,2018_09_14,2018-09-14,463.31,11266500
11266500/epsg_4326__463_31__MODIS_006_MOD16A2__ET__2018_09_22.tif,295417.0,36.480244,epsg_4326__463_31__MODIS_006_MOD16A2__ET__2018_09_22.tif,2018_09_22,2018-09-22,463.31,11266500
11266500/epsg_4326__463_31__MODIS_006_MOD16A2__ET__2018_09_30.tif,589984.0,74.97573,epsg_4326__463_31__MODIS_006_MOD16A2__ET__2018_09_30.tif,2018_09_30,2018-09-30,463.31,11266500
11266500/epsg_4326__463_31__MODIS_006_MOD16A2__ET__2018_10_08.tif,359608.0,44.7218,epsg_4326__463_31__MODIS_006_MOD16A2__ET__2018_10_08.tif,2018_10_08,2018-10-08,463.31,11266500
11266500/epsg_4326__463_31__MODIS_006_MOD16A2__ET__2018_10_16.tif,240370.0,30.550331,epsg_4326__463_31__MODIS_006_MOD16A2__ET__2018_10_16.tif,2018_10_16,2018-10-16,463.31,11266500
11266500/epsg_4326__463_31__MODIS_006_MOD16A2__ET__2018_10_24.tif,232087.0,28.895294,epsg_4326__463_31__MODIS_006_MOD16A2__ET__2018_10_24.tif,2018_10_24,2018-10-24,463.31,11266500
11266500/epsg_4326__463_31__MODIS_006_MOD16A2__ET__2018_11_01.tif,205469.0,29.449476,epsg_4326__463_31__MODIS_006_MOD16A2__ET__2018_11_01.tif,2018_11_01,2018-11-01,463.31,11266500
11266500/epsg_4326__463_31__MODIS_006_MOD16A2__ET__2018_11_09.tif,119540.0,16.21541,epsg_4326__463_31__MODIS_006_MOD16A2__ET__2018_11_09.tif,2018_11_09,2018-11-09,463.31,11266500
11266500/epsg_4326__463_31__MODIS_006_MOD16A2__ET__2018_11_17.tif,231720.0,35.496323,epsg_4326__463_31__MODIS_006_MOD16A2__ET__2018_11_17.tif,2018_11_17,2018-11-17,463.31,11266500
11266500/epsg_4326__463_31__MODIS_006_MOD16A2__ET__2018_11_25.tif,130288.0,60.825397,epsg_4326__463_31__MODIS_006_MOD16A2__ET__2018_11_25.tif,2018_11_25,2018-11-25,463.31,11266500
11266500/epsg_4326__463_31__MODIS_006_MOD16A2__ET__2018_12_03.tif,149468.0,73.847824,epsg_4326__463_31__MODIS_006_MOD16A2__ET__2018_12_03.tif,2018_12_03,2018-12-03,463.31,11266500
11266500/epsg_4326__463_31__MODIS_006_MOD16A2__ET__2018_12_11.tif,355887.0,79.31513,epsg_4326__463_31__MODIS_006_MOD16A2__ET__2018_12_11.tif,2018_12_11,2018-12-11,463.31,11266500
11266500/epsg_4326__463_31__MODIS_006_MOD16A2__ET__2018_12_19.tif,193067.0,67.013885,epsg_4326__463_31__MODIS_006_MOD16A2__ET__2018_12_19.tif,2018_12_19,2018-12-19,463.31,11266500
11266500/epsg_4326__463_31__MODIS_006_MOD16A2__ET__2018_12_27.tif,200329.0,44.300972,epsg_4326__463_31__MODIS_006_MOD16A2__ET__2018_12_27.tif,2018_12_27,2018-12-27,463.31,11266500
11266500/epsg_4326__463_31__MODIS_006_MOD16A2__ET__2019_01_01.tif,207274.0,62.63947,epsg_4326__463_31__MODIS_006_MOD16A2__ET__2019_01_01.tif,2019_01_01,2019-01-01,463.31,11266500
11266500/epsg_4326__463_31__MODIS_006_MOD16A2__ET__2019_01_09.tif,253175.0,64.38835,epsg_4326__463_31__MODIS_006_MOD16A2__ET__2019_01_09.tif,2019_01_09,2019-01-09,463.31,11266500
11266500/epsg_4326__463_31__MODIS_006_MOD16A2__ET__2019_01_17.tif,215430.0,75.141266,epsg_4326__463_31__MODIS_006_MOD16A2__ET__2019_01_17.tif,2019_01_17,2019-01-17,463.31,11266500
11266500/epsg_4326__463_31__MODIS_006_MOD16A2__ET__2019_01_25.tif,202433.0,77.382645,epsg_4326__463_31__MODIS_006_MOD16A2__ET__2019_01_25.tif,2019_01_25,2019-01-25,463.31,11266500
11266500/epsg_4326__463_31__MODIS_006_MOD16A2__ET__2019_02_02.tif,11717.0,55.009388,epsg_4326__463_31__MODIS_006_MOD16A2__ET__2019_02_02.tif,2019_02_02,2019-02-02,463.31,11266500
11266500/epsg_4326__463_31__MODIS_006_MOD16A2__ET__2019_02_10.tif,33536.0,67.47686,epsg_4326__463_31__MODIS_006_MOD16A2__ET__2019_02_10.tif,2019_02_10,2019-02-10,463.31,11266500
11266500/epsg_4326__463_31__MODIS_006_MOD16A2__ET__2019_02_18.tif,156598.0,95.60317,epsg_4326__463_31__MODIS_006_MOD16A2__ET__2019_02_18.tif,2019_02_18,2019-02-18,463.31,11266500
11266500/epsg_4326__463_31__MODIS_006_MOD16A2__ET__2019_02_26.tif,66149.0,90.49111,epsg_4326__463_31__MODIS_006_MOD16A2__ET__2019_02_26.tif,2019_02_26,2019-02-26,463.31,11266500
11266500/epsg_4326__463_31__MODIS_006_MOD16A2__ET__2019_03_06.tif,124940.0,105.4346,epsg_4326__463_31__MODIS_006_MOD16A2__ET__2019_03_06.tif,2019_03_06,2019-03-06,463.31,11266500
11266500/epsg_4326__463_31__MODIS_006_MOD16A2__ET__2019_03_14.tif,179227.0,123.264786,epsg_4326__463_31__MODIS_006_MOD16A2__ET__2019_03_14.tif,2019_03_14,2019-03-14,463.31,11266500
11266500/epsg_4326__463_31__MODIS_006_MOD16A2__ET__2019_03_22.tif,97727.0,143.08492,epsg_4326__463_31__MODIS_006_MOD16A2__ET__2019_03_22.tif,2019_03_22,2019-03-22,463.31,11266500
11266500/epsg_4326__463_31__MODIS_006_MOD16A2__ET__2019_03_30.tif,114365.0,156.87929,epsg_4326__463_31__MODIS_006_MOD16A2__ET__2019_03_30.tif,2019_03_30,2019-03-30,463.31,11266500
11266500/epsg_4326__463_31__MODIS_006_MOD16A2__ET__2019_04_07.tif,340421.0,180.11693,epsg_4326__463_31__MODIS_006_MOD16A2__ET__2019_04_07.tif,2019_04_07,2019-04-07,463.31,11266500
11266500/epsg_4326__463_31__MODIS_006_MOD16A2__ET__2019_04_15.tif,346583.0,155.48811,epsg_4326__463_31__MODIS_006_MOD16A2__ET__2019_04_15.tif,2019_04_15,2019-04-15,463.31,11266500
11266500/epsg_4326__463_31__MODIS_006_MOD16A2__ET__2019_04_23.tif,297093.0,123.07084,epsg_4326__463_31__MODIS_006_MOD16A2__ET__2019_04_23.tif,2019_04_23,2019-04-23,463.31,11266500
11266500/epsg_4326__463_31__MODIS_006_MOD16A2__ET__2019_05_01.tif,411927.0,146.33286,epsg_4326__463_31__MODIS_006_MOD16A2__ET__2019_05_01.tif,2019_05_01,2019-05-01,463.31,11266500
11266500/epsg_4326__463_31__MODIS_006_MOD16A2__ET__2019_05_09.tif,339259.0,137.68628,epsg_4326__463_31__MODIS_006_MOD16A2__ET__2019_05_09.tif,2019_05_09,2019-05-09,463.31,11266500
11266500/epsg_4326__463_31__MODIS_006_MOD16A2__ET__2019_05_17.tif,133799.0,159.66467,epsg_4326__463_31__MODIS_006_MOD16A2__ET__2019_05_17.tif,2019_05_17,2019-05-17,463.31,11266500
11266500/epsg_4326__463_31__MODIS_006_MOD16A2__ET__2019_05_25.tif,356162.0,195.90869,epsg_4326__463_31__MODIS_006_MOD16A2__ET__2019_05_25.tif,2019_05_25,2019-05-25,463.31,11266500
11266500/epsg_4326__463_31__MODIS_006_MOD16A2__ET__2019_06_02.tif,309907.0,77.65147,epsg_4326__463_31__MODIS_006_MOD16A2__ET__2019_06_02.tif,2019_06_02,2019-06-02,463.31,11266500
11266500/epsg_4326__463_31__MODIS_006_MOD16A2__ET__2019_06_10.tif,511085.0,89.868996,epsg_4326__463_31__MODIS_006_MOD16A2__ET__2019_06_10.tif,2019_06_10,2019-06-10,463.31,11266500
11266500/epsg_4326__463_31__MODIS_006_MOD16A2__ET__2019_06_18.tif,584408.0,86.05625,epsg_4326__463_31__MODIS_006_MOD16A2__ET__2019_06_18.tif,2019_06_18,2019-06-18,463.31,11266500
11266500/epsg_4326__463_31__MODIS_006_MOD16A2__ET__2019_06_26.tif,578148.0,79.29612,epsg_4326__463_31__MODIS_006_MOD16A2__ET__2019_06_26.tif,2019_06_26,2019-06-26,463.31,11266500
11266500/epsg_4326__463_31__MODIS_006_MOD16A2__ET__2019_07_04.tif,576670.0,75.49025,epsg_4326__463_31__MODIS_006_MOD16A2__ET__2019_07_04.tif,2019_07_04,2019-07-04,463.31,11266500
11266500/epsg_4326__463_31__MODIS_006_MOD16A2__ET__2019_07_12.tif,632915.0,79.32259,epsg_4326__463_31__MODIS_006_MOD16A2__ET__2019_07_12.tif,2019_07_12,2019-07-12,463.31,11266500
11266500/epsg_4326__463_31__MODIS_006_MOD16A2__ET__2019_07_20.tif,614513.0,78.59228,epsg_4326__463_31__MODIS_006_MOD16A2__ET__2019_07_20.tif,2019_07_20,2019-07-20,463.31,11266500
11266500/epsg_4326__463_31__MODIS_006_MOD16A2__ET__2019_07_28.tif,578213.0,70.8334,epsg_4326__463_31__MODIS_006_MOD16A2__ET__2019_07_28.tif,2019_07_28,2019-07-28,463.31,11266500
11266500/epsg_4326__463_31__MODIS_006_MOD16A2__ET__2019_08_05.tif,591900.0,72.89409,epsg_4326__463_31__MODIS_006_MOD16A2__ET__2019_08_05.tif,2019_08_05,2019-08-05,463.31,11266500
11266500/epsg_4326__463_31__MODIS_006_MOD16A2__ET__2019_08_13.tif,559209.0,68.05513,epsg_4326__463_31__MODIS_006_MOD16A2__ET__2019_08_13.tif,2019_08_13,2019-08-13,463.31,11266500
11266500/epsg_4326__463_31__MODIS_006_MOD16A2__ET__2019_08_21.tif,579923.0,70.217094,epsg_4326__463_31__MODIS_006_MOD16A2__ET__2019_08_21.tif,2019_08_21,2019-08-21,463.31,11266500
11266500/epsg_4326__463_31__MODIS_006_MOD16A2__ET__2019_08_29.tif,479913.0,58.404892,epsg_4326__463_31__MODIS_006_MOD16A2__ET__2019_08_29.tif,2019_08_29,2019-08-29,463.31,11266500
11266500/epsg_4326__463_31__MODIS_006_MOD16A2__ET__2019_09_06.tif,526329.0,63.75109,epsg_4326__463_31__MODIS_006_MOD16A2__ET__2019_09_06.tif,2019_09_06,2019-09-06,463.31,11266500
11266500/epsg_4326__463_31__MODIS_006_MOD16A2__ET__2019_09_14.tif,472213.0,58.79878,epsg_4326__463_31__MODIS_006_MOD16A2__ET__2019_09_14.tif,2019_09_14,2019-09-14,463.31,11266500
11266500/epsg_4326__463_31__MODIS_006_MOD16A2__ET__2019_09_22.tif,515234.0,64.841934,epsg_4326__463_31__MODIS_006_MOD16A2__ET__2019_09_22.tif,2019_09_22,2019-09-22,463.31,11266500
11266500/epsg_4326__463_31__MODIS_006_MOD16A2__ET__2019_09_30.tif,378467.0,47.261112,epsg_4326__463_31__MODIS_006_MOD16A2__ET__2019_09_30.tif,2019_09_30,2019-09-30,463.31,11266500
11266500/epsg_4326__463_31__MODIS_006_MOD16A2__ET__2019_10_08.tif,250410.0,30.36377,epsg_4326__463_31__MODIS_006_MOD16A2__ET__2019_10_08.tif,2019_10_08,2019-10-08,463.31,11266500
11266500/epsg_4326__463_31__MODIS_006_MOD16A2__ET__2019_10_16.tif,260932.0,40.567787,epsg_4326__463_31__MODIS_006_MOD16A2__ET__2019_10_16.tif,2019_10_16,2019-10-16,463.31,11266500
11266500/epsg_4326__463_31__MODIS_006_MOD16A2__ET__2019_10_24.tif,210353.0,25.734402,epsg_4326__463_31__MODIS_006_MOD16A2__ET__2019_10_24.tif,2019_10_24,2019-10-24,463.31,11266500
11266500/epsg_4326__463_31__MODIS_006_MOD16A2__ET__2019_11_01.tif,196512.0,23.87172,epsg_4326__463_31__MODIS_006_MOD16A2__ET__2019_11_01.tif,2019_11_01,2019-11-01,463.31,11266500
11266500/epsg_4326__463_31__MODIS_006_MOD16A2__ET__2019_11_09.tif,220783.0,28.62479,epsg_4326__463_31__MODIS_006_MOD16A2__ET__2019_11_09.tif,2019_11_09,2019-11-09,463.31,11266500
11266500/epsg_4326__463_31__MODIS_006_MOD16A2__ET__2019_11_17.tif,338374.0,44.105057,epsg_4326__463_31__MODIS_006_MOD16A2__ET__2019_11_17.tif,2019_11_17,2019-11-17,463.31,11266500
11266500/epsg_4326__463_31__MODIS_006_MOD16A2__ET__2019_11_25.tif,249065.0,42.17866,epsg_4326__463_31__MODIS_006_MOD16A2__ET__2019_11_25.tif,2019_11_25,2019-11-25,463.31,11266500
11266500/epsg_4326__463_31__MODIS_006_MOD16A2__ET__2019_12_03.tif,165000.0,61.70531,epsg_4326__463_31__MODIS_006_MOD16A2__ET__2019_12_03.tif,2019_12_03,2019-12-03,463.31,11266500
11266500/epsg_4326__463_31__MODIS_006_MOD16A2__ET__2019_12_11.tif,156390.0,65.43515,epsg_4326__463_31__MODIS_006_MOD16A2__ET__2019_12_11.tif,2019_12_11,2019-12-11,463.31,11266500
11266500/epsg_4326__463_31__MODIS_006_MOD16A2__ET__2019_12_19.tif,163651.0,62.773685,epsg_4326__463_31__MODIS_006_MOD16A2__ET__2019_12_19.tif,2019_12_19,2019-12-19,463.31,11266500
11266500/epsg_4326__463_31__MODIS_006_MOD16A2__ET__2019_12_27.tif,145477.0,45.08119,epsg_4326__463_31__MODIS_006_MOD16A2__ET__2019_12_27.tif,2019_12_27,2019-12-27,463.31,11266500
11266500/epsg_4326__463_31__MODIS_006_MOD16A2__ET__2020_01_01.tif,248209.0,84.08164,epsg_4326__463_31__MODIS_006_MOD16A2__ET__2020_01_01.tif,2020_01_01,2020-01-01,463.31,11266500
11266500/epsg_4326__463_31__MODIS_006_MOD16A2__ET__2020_01_09.tif,220417.0,69.26996,epsg_4326__463_31__MODIS_006_MOD16A2__ET__2020_01_09.tif,2020_01_09,2020-01-09,463.31,11266500
11266500/epsg_4326__463_31__MODIS_006_MOD16A2__ET__2020_01_17.tif,148764.0,80.67462,epsg_4326__463_31__MODIS_006_MOD16A2__ET__2020_01_17.tif,2020_01_17,2020-01-17,463.31,11266500
11266500/epsg_4326__463_31__MODIS_006_MOD16A2__ET__2020_01_25.tif,360394.0,80.98742,epsg_4326__463_31__MODIS_006_MOD16A2__ET__2020_01_25.tif,2020_01_25,2020-01-25,463.31,11266500
